CODISTAT_COMUNE_DOM,COMUNE_DOM,PROVINCIA_DOM,TOT_DOSE1,TOT_DOSE2,date
012001,AGRA,VARESE,109,53,2021-05-22T15:45:11+0000
012002,ALBIZZATE,VARESE,1924,788,2021-05-22T15:45:11+0000
012003,ANGERA,VARESE,2042,859,2021-05-22T15:45:11+0000
012004,ARCISATE,VARESE,3553,1434,2021-05-22T15:45:11+0000
012005,ARSAGO SEPRIO,VARESE,1502,605,2021-05-22T15:45:11+0000
012006,AZZATE,VARESE,1626,692,2021-05-22T15:45:11+0000
012007,AZZIO,VARESE,246,94,2021-05-22T15:45:11+0000
012008,BARASSO,VARESE,708,364,2021-05-22T15:45:11+0000
012009,BARDELLO,VARESE,561,244,2021-05-22T15:45:11+0000
012010,BEDERO VALCUVIA,VARESE,214,78,2021-05-22T15:45:11+0000
012011,BESANO,VARESE,870,399,2021-05-22T15:45:11+0000
012012,BESNATE,VARESE,1959,752,2021-05-22T15:45:11+0000
012013,BESOZZO,VARESE,3090,1256,2021-05-22T15:45:11+0000
012014,BIANDRONNO,VARESE,1178,474,2021-05-22T15:45:11+0000
012015,BISUSCHIO,VARESE,1455,562,2021-05-22T15:45:11+0000
012016,BODIO LOMNAGO,VARESE,978,477,2021-05-22T15:45:11+0000
012017,BREBBIA,VARESE,1160,468,2021-05-22T15:45:11+0000
012018,BREGANO,VARESE,286,114,2021-05-22T15:45:11+0000
012019,BRENTA,VARESE,584,226,2021-05-22T15:45:11+0000
012020,BREZZO DI BEDERO,VARESE,353,120,2021-05-22T15:45:11+0000
012021,BRINZIO,VARESE,343,126,2021-05-22T15:45:11+0000
012022,BRISSAGO-VALTRAVAGLIA,VARESE,368,114,2021-05-22T15:45:11+0000
012023,BRUNELLO,VARESE,344,138,2021-05-22T15:45:11+0000
012024,BRUSIMPIANO,VARESE,315,126,2021-05-22T15:45:11+0000
012025,BUGUGGIATE,VARESE,1231,522,2021-05-22T15:45:11+0000
012026,BUSTO ARSIZIO,VARESE,28825,13267,2021-05-22T15:45:11+0000
012027,CADEGLIANO-VICONAGO,VARESE,667,364,2021-05-22T15:45:11+0000
012029,CAIRATE,VARESE,2609,1072,2021-05-22T15:45:11+0000
012030,CANTELLO,VARESE,1679,773,2021-05-22T15:45:11+0000
012031,CARAVATE,VARESE,842,320,2021-05-22T15:45:11+0000
012032,CARDANO AL CAMPO,VARESE,4746,2056,2021-05-22T15:45:11+0000
012033,CARNAGO,VARESE,2233,906,2021-05-22T15:45:11+0000
012034,CARONNO PERTUSELLA,VARESE,5344,2159,2021-05-22T15:45:11+0000
012035,CARONNO VARESINO,VARESE,1627,629,2021-05-22T15:45:11+0000
012036,CASALE LITTA,VARESE,872,355,2021-05-22T15:45:11+0000
012037,CASALZUIGNO,VARESE,476,196,2021-05-22T15:45:11+0000
012038,CASCIAGO,VARESE,1536,670,2021-05-22T15:45:11+0000
012039,CASORATE SEMPIONE,VARESE,1908,790,2021-05-22T15:45:11+0000
012040,CASSANO MAGNAGO,VARESE,7455,3103,2021-05-22T15:45:11+0000
012041,CASSANO VALCUVIA,VARESE,188,70,2021-05-22T15:45:11+0000
012042,CASTELLANZA,VARESE,5418,2492,2021-05-22T15:45:11+0000
012043,CASTELLO CABIAGLIO,VARESE,193,78,2021-05-22T15:45:11+0000
012044,CASTELSEPRIO,VARESE,505,216,2021-05-22T15:45:11+0000
012045,CASTELVECCANA,VARESE,667,287,2021-05-22T15:45:11+0000
012046,CASTIGLIONE OLONA,VARESE,2754,1146,2021-05-22T15:45:11+0000
012047,CASTRONNO,VARESE,1812,758,2021-05-22T15:45:11+0000
012048,CAVARIA CON PREMEZZO,VARESE,1843,747,2021-05-22T15:45:11+0000
012049,CAZZAGO BRABBIA,VARESE,265,122,2021-05-22T15:45:11+0000
012050,CISLAGO,VARESE,3467,1338,2021-05-22T15:45:11+0000
012051,CITTIGLIO,VARESE,1343,519,2021-05-22T15:45:11+0000
012052,CLIVIO,VARESE,665,277,2021-05-22T15:45:11+0000
012053,COCQUIO-TREVISAGO,VARESE,1714,747,2021-05-22T15:45:11+0000
012054,COMABBIO,VARESE,397,147,2021-05-22T15:45:11+0000
012055,COMERIO,VARESE,1093,523,2021-05-22T15:45:11+0000
012056,CREMENAGA,VARESE,223,95,2021-05-22T15:45:11+0000
012057,CROSIO DELLA VALLE,VARESE,246,98,2021-05-22T15:45:11+0000
012058,CUASSO AL MONTE,VARESE,1135,501,2021-05-22T15:45:11+0000
012059,CUGLIATE-FABIASCO,VARESE,905,349,2021-05-22T15:45:11+0000
012060,CUNARDO,VARESE,911,387,2021-05-22T15:45:11+0000
012061,CURIGLIA CON MONTEVIASCO,VARESE,61,31,2021-05-22T15:45:11+0000
012062,CUVEGLIO,VARESE,1077,384,2021-05-22T15:45:11+0000
012063,CUVIO,VARESE,589,258,2021-05-22T15:45:11+0000
012064,DAVERIO,VARESE,1114,445,2021-05-22T15:45:11+0000
012065,DUMENZA,VARESE,410,167,2021-05-22T15:45:11+0000
012066,DUNO,VARESE,38,16,2021-05-22T15:45:11+0000
012067,FAGNANO OLONA,VARESE,4133,1801,2021-05-22T15:45:11+0000
012068,FERNO,VARESE,2083,855,2021-05-22T15:45:11+0000
012069,FERRERA DI VARESE,VARESE,181,54,2021-05-22T15:45:11+0000
012070,GALLARATE,VARESE,17527,8334,2021-05-22T15:45:11+0000
012071,GALLIATE LOMBARDO,VARESE,342,130,2021-05-22T15:45:11+0000
012072,GAVIRATE,VARESE,3630,1587,2021-05-22T15:45:11+0000
012073,GAZZADA SCHIANNO,VARESE,1759,714,2021-05-22T15:45:11+0000
012074,GEMONIO,VARESE,930,352,2021-05-22T15:45:11+0000
012075,GERENZANO,VARESE,3462,1436,2021-05-22T15:45:11+0000
012076,GERMIGNAGA,VARESE,1227,518,2021-05-22T15:45:11+0000
012077,GOLASECCA,VARESE,876,345,2021-05-22T15:45:11+0000
012078,GORLA MAGGIORE,VARESE,1840,761,2021-05-22T15:45:11+0000
012079,GORLA MINORE,VARESE,2734,1238,2021-05-22T15:45:11+0000
012080,GORNATE-OLONA,VARESE,691,271,2021-05-22T15:45:11+0000
012081,GRANTOLA,VARESE,373,136,2021-05-22T15:45:11+0000
012082,INARZO,VARESE,372,162,2021-05-22T15:45:11+0000
012083,INDUNO OLONA,VARESE,3910,1625,2021-05-22T15:45:11+0000
012084,ISPRA,VARESE,1914,897,2021-05-22T15:45:11+0000
012085,JERAGO CON ORAGO,VARESE,1789,760,2021-05-22T15:45:11+0000
012086,LAVENA PONTE TRESA,VARESE,1700,648,2021-05-22T15:45:11+0000
012087,LAVENO-MOMBELLO,VARESE,3562,1550,2021-05-22T15:45:11+0000
012088,LEGGIUNO,VARESE,1301,513,2021-05-22T15:45:11+0000
012089,LONATE CEPPINO,VARESE,1562,614,2021-05-22T15:45:11+0000
012090,LONATE POZZOLO,VARESE,3839,1806,2021-05-22T15:45:11+0000
012091,LOZZA,VARESE,433,187,2021-05-22T15:45:11+0000
012092,LUINO,VARESE,4924,2046,2021-05-22T15:45:11+0000
012093,LUVINATE,VARESE,572,255,2021-05-22T15:45:11+0000
012095,MALGESSO,VARESE,431,174,2021-05-22T15:45:11+0000
012096,MALNATE,VARESE,5883,2620,2021-05-22T15:45:11+0000
012097,MARCHIROLO,VARESE,993,407,2021-05-22T15:45:11+0000
012098,MARNATE,VARESE,2500,1114,2021-05-22T15:45:11+0000
012099,MARZIO,VARESE,124,60,2021-05-22T15:45:11+0000
012100,MASCIAGO PRIMO,VARESE,72,24,2021-05-22T15:45:11+0000
012101,MERCALLO,VARESE,607,245,2021-05-22T15:45:11+0000
012102,MESENZANA,VARESE,428,160,2021-05-22T15:45:11+0000
012103,MONTEGRINO VALTRAVAGLIA,VARESE,400,141,2021-05-22T15:45:11+0000
012104,MONVALLE,VARESE,598,227,2021-05-22T15:45:11+0000
012105,MORAZZONE,VARESE,1502,587,2021-05-22T15:45:11+0000
012106,MORNAGO,VARESE,1665,670,2021-05-22T15:45:11+0000
012107,OGGIONA CON SANTO STEFANO,VARESE,1465,570,2021-05-22T15:45:11+0000
012108,OLGIATE OLONA,VARESE,4276,1865,2021-05-22T15:45:11+0000
012109,ORIGGIO,VARESE,2579,1045,2021-05-22T15:45:11+0000
012110,ORINO,VARESE,253,100,2021-05-22T15:45:11+0000
012113,PORTO CERESIO,VARESE,1017,458,2021-05-22T15:45:11+0000
012114,PORTO VALTRAVAGLIA,VARESE,854,381,2021-05-22T15:45:11+0000
012115,RANCIO VALCUVIA,VARESE,267,88,2021-05-22T15:45:11+0000
012116,RANCO,VARESE,386,141,2021-05-22T15:45:11+0000
012117,SALTRIO,VARESE,923,383,2021-05-22T15:45:11+0000
012118,SAMARATE,VARESE,5560,2399,2021-05-22T15:45:11+0000
012119,SARONNO,VARESE,14460,6308,2021-05-22T15:45:11+0000
012120,SESTO CALENDE,VARESE,3787,1663,2021-05-22T15:45:11+0000
012121,SOLBIATE ARNO,VARESE,1371,518,2021-05-22T15:45:11+0000
012122,SOLBIATE OLONA,VARESE,1932,848,2021-05-22T15:45:11+0000
012123,SOMMA LOMBARDO,VARESE,5891,2518,2021-05-22T15:45:11+0000
012124,SUMIRAGO,VARESE,2121,855,2021-05-22T15:45:11+0000
012125,TAINO,VARESE,1192,471,2021-05-22T15:45:11+0000
012126,TERNATE,VARESE,927,365,2021-05-22T15:45:11+0000
012127,TRADATE,VARESE,6522,2918,2021-05-22T15:45:11+0000
012128,TRAVEDONA-MONATE,VARESE,1422,582,2021-05-22T15:45:11+0000
012129,TRONZANO LAGO MAGGIORE,VARESE,69,27,2021-05-22T15:45:11+0000
012130,UBOLDO,VARESE,3295,1179,2021-05-22T15:45:11+0000
012131,VALGANNA,VARESE,494,198,2021-05-22T15:45:11+0000
012132,VARANO BORGHI,VARESE,830,338,2021-05-22T15:45:11+0000
012133,VARESE,VARESE,31847,14461,2021-05-22T15:45:11+0000
012134,VEDANO OLONA,VARESE,2772,1233,2021-05-22T15:45:11+0000
012136,VENEGONO INFERIORE,VARESE,2251,899,2021-05-22T15:45:11+0000
012137,VENEGONO SUPERIORE,VARESE,2460,1007,2021-05-22T15:45:11+0000
012138,VERGIATE,VARESE,3105,1345,2021-05-22T15:45:11+0000
012139,VIGGIU',VARESE,3318,3141,2021-05-22T15:45:11+0000
012140,VIZZOLA TICINO,VARESE,159,75,2021-05-22T15:45:11+0000
012141,SANGIANO,VARESE,477,187,2021-05-22T15:45:11+0000
012142,MACCAGNO CON PINO E VEDDASCA,VARESE,799,331,2021-05-22T15:45:11+0000
012143,CADREZZATE CON OSMATE,VARESE,742,287,2021-05-22T15:45:11+0000
013003,ALBAVILLA,COMO,2728,1068,2021-05-22T15:45:11+0000
013004,ALBESE CON CASSANO,COMO,1922,873,2021-05-22T15:45:11+0000
013005,ALBIOLO,COMO,895,329,2021-05-22T15:45:11+0000
013006,ALSERIO,COMO,458,147,2021-05-22T15:45:11+0000
013007,ALZATE BRIANZA,COMO,1996,719,2021-05-22T15:45:11+0000
013009,ANZANO DEL PARCO,COMO,721,238,2021-05-22T15:45:11+0000
013010,APPIANO GENTILE,COMO,3133,1332,2021-05-22T15:45:11+0000
013011,ARGEGNO,COMO,228,80,2021-05-22T15:45:11+0000
013012,AROSIO,COMO,1961,908,2021-05-22T15:45:11+0000
013013,ASSO,COMO,1392,519,2021-05-22T15:45:11+0000
013015,BARNI,COMO,181,72,2021-05-22T15:45:11+0000
013021,BENE LARIO,COMO,94,41,2021-05-22T15:45:11+0000
013022,BEREGAZZO CON FIGLIARO,COMO,1001,407,2021-05-22T15:45:11+0000
013023,BINAGO,COMO,1617,610,2021-05-22T15:45:11+0000
013024,BIZZARONE,COMO,512,169,2021-05-22T15:45:11+0000
013025,BLESSAGNO,COMO,101,39,2021-05-22T15:45:11+0000
013026,BLEVIO,COMO,417,175,2021-05-22T15:45:11+0000
013028,BREGNANO,COMO,2070,807,2021-05-22T15:45:11+0000
013029,BRENNA,COMO,807,253,2021-05-22T15:45:11+0000
013030,BRIENNO,COMO,133,52,2021-05-22T15:45:11+0000
013032,BRUNATE,COMO,620,253,2021-05-22T15:45:11+0000
013034,BULGAROGRASSO,COMO,1414,476,2021-05-22T15:45:11+0000
013035,CABIATE,COMO,2571,1063,2021-05-22T15:45:11+0000
013036,CADORAGO,COMO,2763,1091,2021-05-22T15:45:11+0000
013037,CAGLIO,COMO,207,89,2021-05-22T15:45:11+0000
013040,CAMPIONE D'ITALIA,COMO,193,149,2021-05-22T15:45:11+0000
013041,CANTU',COMO,14556,5857,2021-05-22T15:45:11+0000
013042,CANZO,COMO,2173,981,2021-05-22T15:45:11+0000
013043,CAPIAGO INTIMIANO,COMO,2229,821,2021-05-22T15:45:11+0000
013044,CARATE URIO,COMO,466,179,2021-05-22T15:45:11+0000
013045,CARBONATE,COMO,1021,397,2021-05-22T15:45:11+0000
013046,CARIMATE,COMO,1529,626,2021-05-22T15:45:11+0000
013047,CARLAZZO,COMO,815,335,2021-05-22T15:45:11+0000
013048,CARUGO,COMO,2094,845,2021-05-22T15:45:11+0000
013052,CASLINO D'ERBA,COMO,593,195,2021-05-22T15:45:11+0000
013053,CASNATE CON BERNATE,COMO,1907,751,2021-05-22T15:45:11+0000
013055,CASSINA RIZZARDI,COMO,1126,419,2021-05-22T15:45:11+0000
013058,CASTELMARTE,COMO,525,169,2021-05-22T15:45:11+0000
013059,CASTELNUOVO BOZZENTE,COMO,307,98,2021-05-22T15:45:11+0000
013062,CAVARGNA,COMO,46,16,2021-05-22T15:45:11+0000
013063,CERANO D'INTELVI,COMO,213,75,2021-05-22T15:45:11+0000
013064,CERMENATE,COMO,3048,1202,2021-05-22T15:45:11+0000
013065,CERNOBBIO,COMO,2617,1105,2021-05-22T15:45:11+0000
013068,CIRIMIDO,COMO,765,291,2021-05-22T15:45:11+0000
013071,CLAINO CON OSTENO,COMO,178,57,2021-05-22T15:45:11+0000
013074,COLONNO,COMO,203,85,2021-05-22T15:45:11+0000
013075,COMO,COMO,33083,14396,2021-05-22T15:45:11+0000
013077,CORRIDO,COMO,192,76,2021-05-22T15:45:11+0000
013083,CREMIA,COMO,224,98,2021-05-22T15:45:11+0000
013084,CUCCIAGO,COMO,1378,534,2021-05-22T15:45:11+0000
013085,CUSINO,COMO,64,28,2021-05-22T15:45:11+0000
013087,DIZZASCO,COMO,367,235,2021-05-22T15:45:11+0000
013089,DOMASO,COMO,561,299,2021-05-22T15:45:11+0000
013090,DONGO,COMO,1366,629,2021-05-22T15:45:11+0000
013092,DOSSO DEL LIRO,COMO,71,38,2021-05-22T15:45:11+0000
013095,ERBA,COMO,6929,2745,2021-05-22T15:45:11+0000
013097,EUPILIO,COMO,1053,355,2021-05-22T15:45:11+0000
013098,FAGGETO LARIO,COMO,431,170,2021-05-22T15:45:11+0000
013099,FALOPPIO,COMO,1484,545,2021-05-22T15:45:11+0000
013100,FENEGRO',COMO,987,346,2021-05-22T15:45:11+0000
013101,FIGINO SERENZA,COMO,1852,785,2021-05-22T15:45:11+0000
013102,FINO MORNASCO,COMO,3353,1281,2021-05-22T15:45:11+0000
013106,GARZENO,COMO,301,149,2021-05-22T15:45:11+0000
013107,GERA LARIO,COMO,360,160,2021-05-22T15:45:11+0000
013110,GRANDATE,COMO,1139,470,2021-05-22T15:45:11+0000
013111,GRANDOLA ED UNITI,COMO,430,231,2021-05-22T15:45:11+0000
013113,GRIANTE,COMO,239,125,2021-05-22T15:45:11+0000
013114,GUANZATE,COMO,2040,797,2021-05-22T15:45:11+0000
013118,INVERIGO,COMO,3336,1272,2021-05-22T15:45:11+0000
013119,LAGLIO,COMO,328,132,2021-05-22T15:45:11+0000
013120,LAINO,COMO,195,60,2021-05-22T15:45:11+0000
013121,LAMBRUGO,COMO,951,339,2021-05-22T15:45:11+0000
013123,LASNIGO,COMO,156,60,2021-05-22T15:45:11+0000
013126,LEZZENO,COMO,725,318,2021-05-22T15:45:11+0000
013128,LIMIDO COMASCO,COMO,1018,311,2021-05-22T15:45:11+0000
013129,LIPOMO,COMO,2413,958,2021-05-22T15:45:11+0000
013130,LIVO,COMO,45,26,2021-05-22T15:45:11+0000
013131,LOCATE VARESINO,COMO,1448,541,2021-05-22T15:45:11+0000
013133,LOMAZZO,COMO,3404,1318,2021-05-22T15:45:11+0000
013134,LONGONE AL SEGRINO,COMO,768,312,2021-05-22T15:45:11+0000
013135,LUISAGO,COMO,961,385,2021-05-22T15:45:11+0000
013136,LURAGO D'ERBA,COMO,2061,788,2021-05-22T15:45:11+0000
013137,LURAGO MARINONE,COMO,815,283,2021-05-22T15:45:11+0000
013138,LURATE CACCIVIO,COMO,3555,1400,2021-05-22T15:45:11+0000
013139,MAGREGLIO,COMO,272,129,2021-05-22T15:45:11+0000
013143,MARIANO COMENSE,COMO,8292,3509,2021-05-22T15:45:11+0000
013144,MASLIANICO,COMO,1150,488,2021-05-22T15:45:11+0000
013145,MENAGGIO,COMO,1248,675,2021-05-22T15:45:11+0000
013147,MERONE,COMO,1495,544,2021-05-22T15:45:11+0000
013152,MOLTRASIO,COMO,636,272,2021-05-22T15:45:11+0000
013153,MONGUZZO,COMO,826,289,2021-05-22T15:45:11+0000
013154,MONTANO LUCINO,COMO,1902,745,2021-05-22T15:45:11+0000
013155,MONTEMEZZO,COMO,86,46,2021-05-22T15:45:11+0000
013157,MONTORFANO,COMO,1004,355,2021-05-22T15:45:11+0000
013159,MOZZATE,COMO,2825,1127,2021-05-22T15:45:11+0000
013160,MUSSO,COMO,388,176,2021-05-22T15:45:11+0000
013161,NESSO,COMO,464,188,2021-05-22T15:45:11+0000
013163,NOVEDRATE,COMO,1086,383,2021-05-22T15:45:11+0000
013165,OLGIATE COMASCO,COMO,4376,1733,2021-05-22T15:45:11+0000
013169,OLTRONA DI SAN MAMETTE,COMO,843,296,2021-05-22T15:45:11+0000
013170,ORSENIGO,COMO,1040,346,2021-05-22T15:45:11+0000
013178,PEGLIO,COMO,49,24,2021-05-22T15:45:11+0000
013183,PIANELLO DEL LARIO,COMO,437,239,2021-05-22T15:45:11+0000
013184,PIGRA,COMO,106,34,2021-05-22T15:45:11+0000
013185,PLESIO,COMO,293,143,2021-05-22T15:45:11+0000
013186,POGNANA LARIO,COMO,257,103,2021-05-22T15:45:11+0000
013187,PONNA,COMO,98,37,2021-05-22T15:45:11+0000
013188,PONTE LAMBRO,COMO,1734,738,2021-05-22T15:45:11+0000
013189,PORLEZZA,COMO,1456,648,2021-05-22T15:45:11+0000
013192,PROSERPIO,COMO,374,144,2021-05-22T15:45:11+0000
013193,PUSIANO,COMO,553,187,2021-05-22T15:45:11+0000
013195,REZZAGO,COMO,139,47,2021-05-22T15:45:11+0000
013197,RODERO,COMO,393,117,2021-05-22T15:45:11+0000
013199,RONAGO,COMO,544,209,2021-05-22T15:45:11+0000
013201,ROVELLASCA,COMO,2712,1115,2021-05-22T15:45:11+0000
013202,ROVELLO PORRO,COMO,1881,731,2021-05-22T15:45:11+0000
013203,SALA COMACINA,COMO,256,162,2021-05-22T15:45:11+0000
013204,SAN BARTOLOMEO VAL CAVARGNA,COMO,311,128,2021-05-22T15:45:11+0000
013206,SAN FERMO DELLA BATTAGLIA,COMO,3056,1306,2021-05-22T15:45:11+0000
013207,SAN NAZZARO VAL CAVARGNA,COMO,104,28,2021-05-22T15:45:11+0000
013211,SCHIGNANO,COMO,330,116,2021-05-22T15:45:11+0000
013212,SENNA COMASCO,COMO,1169,428,2021-05-22T15:45:11+0000
013216,SORICO,COMO,395,174,2021-05-22T15:45:11+0000
013217,SORMANO,COMO,232,87,2021-05-22T15:45:11+0000
013218,STAZZONA,COMO,239,107,2021-05-22T15:45:11+0000
013222,TAVERNERIO,COMO,2420,956,2021-05-22T15:45:11+0000
013223,TORNO,COMO,460,244,2021-05-22T15:45:11+0000
013226,TREZZONE,COMO,99,37,2021-05-22T15:45:11+0000
013227,TURATE,COMO,3056,1110,2021-05-22T15:45:11+0000
013228,UGGIATE-TREVANO,COMO,1744,670,2021-05-22T15:45:11+0000
013229,VALBRONA,COMO,907,355,2021-05-22T15:45:11+0000
013232,VALMOREA,COMO,922,409,2021-05-22T15:45:11+0000
013233,VAL REZZO,COMO,33,10,2021-05-22T15:45:11+0000
013234,VALSOLDA,COMO,511,226,2021-05-22T15:45:11+0000
013236,VELESO,COMO,74,29,2021-05-22T15:45:11+0000
013238,VENIANO,COMO,975,371,2021-05-22T15:45:11+0000
013239,VERCANA,COMO,272,144,2021-05-22T15:45:11+0000
013242,VERTEMATE CON MINOPRIO,COMO,1414,528,2021-05-22T15:45:11+0000
013245,VILLA GUARDIA,COMO,2904,1175,2021-05-22T15:45:11+0000
013246,ZELBIO,COMO,48,14,2021-05-22T15:45:11+0000
013248,SAN SIRO,COMO,626,285,2021-05-22T15:45:11+0000
013249,GRAVEDONA ED UNITI,COMO,1620,833,2021-05-22T15:45:11+0000
013250,BELLAGIO,COMO,1565,853,2021-05-22T15:45:11+0000
013251,COLVERDE,COMO,1803,660,2021-05-22T15:45:11+0000
013252,TREMEZZINA,COMO,1882,839,2021-05-22T15:45:11+0000
013253,ALTA VALLE INTELVI,COMO,1152,539,2021-05-22T15:45:11+0000
013254,CENTRO VALLE INTELVI,COMO,1359,668,2021-05-22T15:45:11+0000
013255,SOLBIATE CON CAGNO,COMO,1732,727,2021-05-22T15:45:11+0000
014001,ALBAREDO PER SAN MARCO,SONDRIO,149,57,2021-05-22T15:45:11+0000
014002,ALBOSAGGIA,SONDRIO,1221,562,2021-05-22T15:45:11+0000
014003,ANDALO VALTELLINO,SONDRIO,206,83,2021-05-22T15:45:11+0000
014004,APRICA,SONDRIO,551,197,2021-05-22T15:45:11+0000
014005,ARDENNO,SONDRIO,1264,568,2021-05-22T15:45:11+0000
014006,BEMA,SONDRIO,50,19,2021-05-22T15:45:11+0000
014007,BERBENNO DI VALTELLINA,SONDRIO,1615,765,2021-05-22T15:45:11+0000
014008,BIANZONE,SONDRIO,495,177,2021-05-22T15:45:11+0000
014009,BORMIO,SONDRIO,1530,751,2021-05-22T15:45:11+0000
014010,BUGLIO IN MONTE,SONDRIO,725,294,2021-05-22T15:45:11+0000
014011,CAIOLO,SONDRIO,360,170,2021-05-22T15:45:11+0000
014012,CAMPODOLCINO,SONDRIO,326,112,2021-05-22T15:45:11+0000
014013,CASPOGGIO,SONDRIO,557,185,2021-05-22T15:45:11+0000
014014,CASTELLO DELL'ACQUA,SONDRIO,257,104,2021-05-22T15:45:11+0000
014015,CASTIONE ANDEVENNO,SONDRIO,572,230,2021-05-22T15:45:11+0000
014016,CEDRASCO,SONDRIO,189,81,2021-05-22T15:45:11+0000
014017,CERCINO,SONDRIO,248,123,2021-05-22T15:45:11+0000
014018,CHIAVENNA,SONDRIO,2918,1371,2021-05-22T15:45:11+0000
014019,CHIESA IN VALMALENCO,SONDRIO,969,354,2021-05-22T15:45:11+0000
014020,CHIURO,SONDRIO,1037,455,2021-05-22T15:45:11+0000
014021,CINO,SONDRIO,99,44,2021-05-22T15:45:11+0000
014022,CIVO,SONDRIO,405,184,2021-05-22T15:45:11+0000
014023,COLORINA,SONDRIO,475,180,2021-05-22T15:45:11+0000
014024,COSIO VALTELLINO,SONDRIO,1951,838,2021-05-22T15:45:11+0000
014025,DAZIO,SONDRIO,177,72,2021-05-22T15:45:11+0000
014026,DELEBIO,SONDRIO,1133,535,2021-05-22T15:45:11+0000
014027,DUBINO,SONDRIO,1322,671,2021-05-22T15:45:11+0000
014028,FAEDO VALTELLINO,SONDRIO,204,70,2021-05-22T15:45:11+0000
014029,FORCOLA,SONDRIO,269,103,2021-05-22T15:45:11+0000
014030,FUSINE,SONDRIO,216,88,2021-05-22T15:45:11+0000
014031,GEROLA ALTA,SONDRIO,74,21,2021-05-22T15:45:11+0000
014032,GORDONA,SONDRIO,613,226,2021-05-22T15:45:11+0000
014033,GROSIO,SONDRIO,1848,960,2021-05-22T15:45:11+0000
014034,GROSOTTO,SONDRIO,740,410,2021-05-22T15:45:11+0000
014035,MADESIMO,SONDRIO,184,79,2021-05-22T15:45:11+0000
014036,LANZADA,SONDRIO,533,202,2021-05-22T15:45:11+0000
014037,LIVIGNO,SONDRIO,1092,405,2021-05-22T15:45:11+0000
014038,LOVERO,SONDRIO,243,126,2021-05-22T15:45:11+0000
014039,MANTELLO,SONDRIO,257,96,2021-05-22T15:45:11+0000
014040,MAZZO DI VALTELLINA,SONDRIO,394,186,2021-05-22T15:45:11+0000
014041,MELLO,SONDRIO,267,108,2021-05-22T15:45:11+0000
014043,MESE,SONDRIO,603,236,2021-05-22T15:45:11+0000
014044,MONTAGNA IN VALTELLINA,SONDRIO,1118,540,2021-05-22T15:45:11+0000
014045,MORBEGNO,SONDRIO,4962,2292,2021-05-22T15:45:11+0000
014046,NOVATE MEZZOLA,SONDRIO,653,298,2021-05-22T15:45:11+0000
014047,PEDESINA,SONDRIO,21,10,2021-05-22T15:45:11+0000
014048,PIANTEDO,SONDRIO,415,184,2021-05-22T15:45:11+0000
014049,PIATEDA,SONDRIO,838,359,2021-05-22T15:45:11+0000
014050,PIURO,SONDRIO,689,299,2021-05-22T15:45:11+0000
014051,POGGIRIDENTI,SONDRIO,735,302,2021-05-22T15:45:11+0000
014052,PONTE IN VALTELLINA,SONDRIO,1038,452,2021-05-22T15:45:11+0000
014053,POSTALESIO,SONDRIO,211,84,2021-05-22T15:45:11+0000
014054,PRATA CAMPORTACCIO,SONDRIO,1006,426,2021-05-22T15:45:11+0000
014055,RASURA,SONDRIO,114,43,2021-05-22T15:45:11+0000
014056,ROGOLO,SONDRIO,188,77,2021-05-22T15:45:11+0000
014057,SAMOLACO,SONDRIO,964,379,2021-05-22T15:45:11+0000
014058,SAN GIACOMO FILIPPO,SONDRIO,143,56,2021-05-22T15:45:11+0000
014059,SERNIO,SONDRIO,197,91,2021-05-22T15:45:11+0000
014060,SONDALO,SONDRIO,1654,968,2021-05-22T15:45:11+0000
014061,SONDRIO,SONDRIO,8623,4262,2021-05-22T15:45:11+0000
014062,SPRIANA,SONDRIO,27,8,2021-05-22T15:45:11+0000
014063,TALAMONA,SONDRIO,1676,747,2021-05-22T15:45:11+0000
014064,TARTANO,SONDRIO,104,48,2021-05-22T15:45:11+0000
014065,TEGLIO,SONDRIO,1819,700,2021-05-22T15:45:11+0000
014066,TIRANO,SONDRIO,3798,1863,2021-05-22T15:45:11+0000
014067,TORRE DI SANTA MARIA,SONDRIO,316,114,2021-05-22T15:45:11+0000
014068,TOVO DI SANT'AGATA,SONDRIO,231,107,2021-05-22T15:45:11+0000
014069,TRAONA,SONDRIO,832,347,2021-05-22T15:45:11+0000
014070,TRESIVIO,SONDRIO,707,332,2021-05-22T15:45:11+0000
014071,VALDIDENTRO,SONDRIO,1342,562,2021-05-22T15:45:11+0000
014072,VALDISOTTO,SONDRIO,1066,459,2021-05-22T15:45:11+0000
014073,VALFURVA,SONDRIO,861,340,2021-05-22T15:45:11+0000
014074,VAL MASINO,SONDRIO,334,129,2021-05-22T15:45:11+0000
014075,VERCEIA,SONDRIO,372,155,2021-05-22T15:45:11+0000
014076,VERVIO,SONDRIO,74,30,2021-05-22T15:45:11+0000
014077,VILLA DI CHIAVENNA,SONDRIO,310,125,2021-05-22T15:45:11+0000
014078,VILLA DI TIRANO,SONDRIO,1241,477,2021-05-22T15:45:11+0000
015002,ABBIATEGRASSO,MILANO,11341,5388,2021-05-22T15:45:11+0000
015005,ALBAIRATE,MILANO,1630,760,2021-05-22T15:45:11+0000
015007,ARCONATE,MILANO,2137,992,2021-05-22T15:45:11+0000
015009,ARESE,MILANO,7485,3312,2021-05-22T15:45:11+0000
015010,ARLUNO,MILANO,4170,1778,2021-05-22T15:45:11+0000
015011,ASSAGO,MILANO,3132,1258,2021-05-22T15:45:11+0000
015012,BAREGGIO,MILANO,6281,2816,2021-05-22T15:45:11+0000
015014,BASIANO,MILANO,1173,505,2021-05-22T15:45:11+0000
015015,BASIGLIO,MILANO,2629,1282,2021-05-22T15:45:11+0000
015016,BELLINZAGO LOMBARDO,MILANO,1405,601,2021-05-22T15:45:11+0000
015019,BERNATE TICINO,MILANO,1056,467,2021-05-22T15:45:11+0000
015022,BESATE,MILANO,637,290,2021-05-22T15:45:11+0000
015024,BINASCO,MILANO,2779,1427,2021-05-22T15:45:11+0000
015026,BOFFALORA SOPRA TICINO,MILANO,1492,626,2021-05-22T15:45:11+0000
015027,BOLLATE,MILANO,13842,5846,2021-05-22T15:45:11+0000
015032,BRESSO,MILANO,10248,4718,2021-05-22T15:45:11+0000
015035,BUBBIANO,MILANO,696,290,2021-05-22T15:45:11+0000
015036,BUCCINASCO,MILANO,9729,3698,2021-05-22T15:45:11+0000
015038,BUSCATE,MILANO,1474,651,2021-05-22T15:45:11+0000
015040,BUSSERO,MILANO,3305,1459,2021-05-22T15:45:11+0000
015041,BUSTO GAROLFO,MILANO,4644,2055,2021-05-22T15:45:11+0000
015042,CALVIGNASCO,MILANO,392,161,2021-05-22T15:45:11+0000
015044,CAMBIAGO,MILANO,2061,801,2021-05-22T15:45:11+0000
015046,CANEGRATE,MILANO,4170,1837,2021-05-22T15:45:11+0000
015050,CARPIANO,MILANO,1159,506,2021-05-22T15:45:11+0000
015051,CARUGATE,MILANO,5125,2071,2021-05-22T15:45:11+0000
015055,CASARILE,MILANO,1142,511,2021-05-22T15:45:11+0000
015058,CASOREZZO,MILANO,1756,729,2021-05-22T15:45:11+0000
015059,CASSANO D'ADDA,MILANO,6634,3044,2021-05-22T15:45:11+0000
015060,CASSINA DE' PECCHI,MILANO,4972,2275,2021-05-22T15:45:11+0000
015061,CASSINETTA DI LUGAGNANO,MILANO,659,283,2021-05-22T15:45:11+0000
015062,CASTANO PRIMO,MILANO,3550,1684,2021-05-22T15:45:11+0000
015070,CERNUSCO SUL NAVIGLIO,MILANO,12682,6096,2021-05-22T15:45:11+0000
015071,CERRO AL LAMBRO,MILANO,1972,732,2021-05-22T15:45:11+0000
015072,CERRO MAGGIORE,MILANO,5301,2427,2021-05-22T15:45:11+0000
015074,CESANO BOSCONE,MILANO,8970,3951,2021-05-22T15:45:11+0000
015076,CESATE,MILANO,4766,1940,2021-05-22T15:45:11+0000
015077,CINISELLO BALSAMO,MILANO,26723,11182,2021-05-22T15:45:11+0000
015078,CISLIANO,MILANO,1588,598,2021-05-22T15:45:11+0000
015081,COLOGNO MONZESE,MILANO,16328,6949,2021-05-22T15:45:11+0000
015082,COLTURANO,MILANO,566,220,2021-05-22T15:45:11+0000
015085,CORBETTA,MILANO,6354,2760,2021-05-22T15:45:11+0000
015086,CORMANO,MILANO,6971,3021,2021-05-22T15:45:11+0000
015087,CORNAREDO,MILANO,7573,3148,2021-05-22T15:45:11+0000
015093,CORSICO,MILANO,12030,5322,2021-05-22T15:45:11+0000
015096,CUGGIONO,MILANO,2607,1231,2021-05-22T15:45:11+0000
015097,CUSAGO,MILANO,1412,573,2021-05-22T15:45:11+0000
015098,CUSANO MILANINO,MILANO,7452,2991,2021-05-22T15:45:11+0000
015099,DAIRAGO,MILANO,2012,788,2021-05-22T15:45:11+0000
015101,DRESANO,MILANO,1053,434,2021-05-22T15:45:11+0000
015103,GAGGIANO,MILANO,3113,1192,2021-05-22T15:45:11+0000
015105,GARBAGNATE MILANESE,MILANO,9586,4259,2021-05-22T15:45:11+0000
015106,GESSATE,MILANO,2775,1273,2021-05-22T15:45:11+0000
015108,GORGONZOLA,MILANO,7163,3199,2021-05-22T15:45:11+0000
015110,GREZZAGO,MILANO,891,358,2021-05-22T15:45:11+0000
015112,GUDO VISCONTI,MILANO,531,216,2021-05-22T15:45:11+0000
015113,INVERUNO,MILANO,3210,1323,2021-05-22T15:45:11+0000
015114,INZAGO,MILANO,4050,1881,2021-05-22T15:45:11+0000
015115,LACCHIARELLA,MILANO,3038,1348,2021-05-22T15:45:11+0000
015116,LAINATE,MILANO,8763,3844,2021-05-22T15:45:11+0000
015118,LEGNANO,MILANO,20983,9920,2021-05-22T15:45:11+0000
015122,LISCATE,MILANO,1191,492,2021-05-22T15:45:11+0000
015125,LOCATE DI TRIULZI,MILANO,3385,1687,2021-05-22T15:45:11+0000
015130,MAGENTA,MILANO,8964,4291,2021-05-22T15:45:11+0000
015131,MAGNAGO,MILANO,2867,1241,2021-05-22T15:45:11+0000
015134,MARCALLO CON CASONE,MILANO,2103,903,2021-05-22T15:45:11+0000
015136,MASATE,MILANO,1083,464,2021-05-22T15:45:11+0000
015139,MEDIGLIA,MILANO,3763,1756,2021-05-22T15:45:11+0000
015140,MELEGNANO,MILANO,6615,3175,2021-05-22T15:45:11+0000
015142,MELZO,MILANO,6730,3336,2021-05-22T15:45:11+0000
015144,MESERO,MILANO,1370,656,2021-05-22T15:45:11+0000
015146,MILANO,MILANO,459371,214666,2021-05-22T15:45:11+0000
015150,MORIMONDO,MILANO,408,216,2021-05-22T15:45:11+0000
015151,MOTTA VISCONTI,MILANO,2719,1191,2021-05-22T15:45:11+0000
015154,NERVIANO,MILANO,6259,2790,2021-05-22T15:45:11+0000
015155,NOSATE,MILANO,229,100,2021-05-22T15:45:11+0000
015157,NOVATE MILANESE,MILANO,7655,3258,2021-05-22T15:45:11+0000
015158,NOVIGLIO,MILANO,1348,561,2021-05-22T15:45:11+0000
015159,OPERA,MILANO,5566,2813,2021-05-22T15:45:11+0000
015164,OSSONA,MILANO,1456,603,2021-05-22T15:45:11+0000
015165,OZZERO,MILANO,503,242,2021-05-22T15:45:11+0000
015166,PADERNO DUGNANO,MILANO,16586,6205,2021-05-22T15:45:11+0000
015167,PANTIGLIATE,MILANO,1927,890,2021-05-22T15:45:11+0000
015168,PARABIAGO,MILANO,9482,4262,2021-05-22T15:45:11+0000
015169,PAULLO,MILANO,4085,1534,2021-05-22T15:45:11+0000
015170,PERO,MILANO,3753,1521,2021-05-22T15:45:11+0000
015171,PESCHIERA BORROMEO,MILANO,7995,3704,2021-05-22T15:45:11+0000
015172,PESSANO CON BORNAGO,MILANO,3029,1170,2021-05-22T15:45:11+0000
015173,PIEVE EMANUELE,MILANO,5433,2530,2021-05-22T15:45:11+0000
015175,PIOLTELLO,MILANO,10493,4574,2021-05-22T15:45:11+0000
015176,POGLIANO MILANESE,MILANO,2891,1263,2021-05-22T15:45:11+0000
015177,POZZO D'ADDA,MILANO,1816,721,2021-05-22T15:45:11+0000
015178,POZZUOLO MARTESANA,MILANO,2899,1368,2021-05-22T15:45:11+0000
015179,PREGNANA MILANESE,MILANO,2571,1072,2021-05-22T15:45:11+0000
015181,RESCALDINA,MILANO,4616,2032,2021-05-22T15:45:11+0000
015182,RHO,MILANO,18569,8509,2021-05-22T15:45:11+0000
015183,ROBECCHETTO CON INDUNO,MILANO,1524,636,2021-05-22T15:45:11+0000
015184,ROBECCO SUL NAVIGLIO,MILANO,2343,1028,2021-05-22T15:45:11+0000
015185,RODANO,MILANO,1588,709,2021-05-22T15:45:11+0000
015188,ROSATE,MILANO,1997,869,2021-05-22T15:45:11+0000
015189,ROZZANO,MILANO,13871,6832,2021-05-22T15:45:11+0000
015191,SAN COLOMBANO AL LAMBRO,MILANO,3107,1453,2021-05-22T15:45:11+0000
015192,SAN DONATO MILANESE,MILANO,11806,5998,2021-05-22T15:45:11+0000
015194,SAN GIORGIO SU LEGNANO,MILANO,2312,1077,2021-05-22T15:45:11+0000
015195,SAN GIULIANO MILANESE,MILANO,11626,5609,2021-05-22T15:45:11+0000
015200,SANTO STEFANO TICINO,MILANO,1602,630,2021-05-22T15:45:11+0000
015201,SAN VITTORE OLONA,MILANO,2683,1265,2021-05-22T15:45:11+0000
015202,SAN ZENONE AL LAMBRO,MILANO,1481,513,2021-05-22T15:45:11+0000
015204,SEDRIANO,MILANO,3940,1644,2021-05-22T15:45:11+0000
015205,SEGRATE,MILANO,12871,6472,2021-05-22T15:45:11+0000
015206,SENAGO,MILANO,6952,2863,2021-05-22T15:45:11+0000
015209,SESTO SAN GIOVANNI,MILANO,29146,12906,2021-05-22T15:45:11+0000
015210,SETTALA,MILANO,2237,982,2021-05-22T15:45:11+0000
015211,SETTIMO MILANESE,MILANO,7200,3064,2021-05-22T15:45:11+0000
015213,SOLARO,MILANO,4386,1801,2021-05-22T15:45:11+0000
015219,TREZZANO ROSA,MILANO,1524,606,2021-05-22T15:45:11+0000
015220,TREZZANO SUL NAVIGLIO,MILANO,7139,2883,2021-05-22T15:45:11+0000
015221,TREZZO SULL'ADDA,MILANO,4526,1986,2021-05-22T15:45:11+0000
015222,TRIBIANO,MILANO,979,393,2021-05-22T15:45:11+0000
015224,TRUCCAZZANO,MILANO,1818,834,2021-05-22T15:45:11+0000
015226,TURBIGO,MILANO,2353,1075,2021-05-22T15:45:11+0000
015229,VANZAGO,MILANO,3101,1442,2021-05-22T15:45:11+0000
015230,VAPRIO D'ADDA,MILANO,2869,1328,2021-05-22T15:45:11+0000
015236,VERNATE,MILANO,1025,443,2021-05-22T15:45:11+0000
015237,VIGNATE,MILANO,3042,1401,2021-05-22T15:45:11+0000
015242,VIMODRONE,MILANO,5795,2842,2021-05-22T15:45:11+0000
015243,VITTUONE,MILANO,3081,1362,2021-05-22T15:45:11+0000
015244,VIZZOLO PREDABISSI,MILANO,1573,711,2021-05-22T15:45:11+0000
015247,ZIBIDO SAN GIACOMO,MILANO,2075,874,2021-05-22T15:45:11+0000
015248,VILLA CORTESE,MILANO,2324,992,2021-05-22T15:45:11+0000
015249,VANZAGHELLO,MILANO,1704,736,2021-05-22T15:45:11+0000
015250,BARANZATE,MILANO,2621,1241,2021-05-22T15:45:11+0000
015251,VERMEZZO CON ZELO,MILANO,1641,655,2021-05-22T15:45:11+0000
016001,ADRARA SAN MARTINO,BERGAMO,600,370,2021-05-22T15:45:11+0000
016002,ADRARA SAN ROCCO,BERGAMO,263,116,2021-05-22T15:45:11+0000
016003,ALBANO SANT'ALESSANDRO,BERGAMO,2611,1086,2021-05-22T15:45:11+0000
016004,ALBINO,BERGAMO,6659,3326,2021-05-22T15:45:11+0000
016005,ALME',BERGAMO,2057,847,2021-05-22T15:45:11+0000
016006,ALMENNO SAN BARTOLOMEO,BERGAMO,2013,912,2021-05-22T15:45:11+0000
016007,ALMENNO SAN SALVATORE,BERGAMO,2162,1015,2021-05-22T15:45:11+0000
016008,ALZANO LOMBARDO,BERGAMO,4692,2079,2021-05-22T15:45:11+0000
016009,AMBIVERE,BERGAMO,854,345,2021-05-22T15:45:11+0000
016010,ANTEGNATE,BERGAMO,962,405,2021-05-22T15:45:11+0000
016011,ARCENE,BERGAMO,1632,665,2021-05-22T15:45:11+0000
016012,ARDESIO,BERGAMO,1267,506,2021-05-22T15:45:11+0000
016013,ARZAGO D'ADDA,BERGAMO,895,435,2021-05-22T15:45:11+0000
016014,AVERARA,BERGAMO,58,33,2021-05-22T15:45:11+0000
016015,AVIATICO,BERGAMO,187,87,2021-05-22T15:45:11+0000
016016,AZZANO SAN PAOLO,BERGAMO,2700,1176,2021-05-22T15:45:11+0000
016017,AZZONE,BERGAMO,166,61,2021-05-22T15:45:11+0000
016018,BAGNATICA,BERGAMO,1453,610,2021-05-22T15:45:11+0000
016019,BARBATA,BERGAMO,235,109,2021-05-22T15:45:11+0000
016020,BARIANO,BERGAMO,1437,605,2021-05-22T15:45:11+0000
016021,BARZANA,BERGAMO,589,238,2021-05-22T15:45:11+0000
016022,BEDULITA,BERGAMO,281,144,2021-05-22T15:45:11+0000
016023,BERBENNO,BERGAMO,942,447,2021-05-22T15:45:11+0000
016024,BERGAMO,BERGAMO,47243,21909,2021-05-22T15:45:11+0000
016025,BERZO SAN FERMO,BERGAMO,397,191,2021-05-22T15:45:11+0000
016026,BIANZANO,BERGAMO,200,102,2021-05-22T15:45:11+0000
016027,BLELLO,BERGAMO,21,10,2021-05-22T15:45:11+0000
016028,BOLGARE,BERGAMO,1725,775,2021-05-22T15:45:11+0000
016029,BOLTIERE,BERGAMO,1721,722,2021-05-22T15:45:11+0000
016030,BONATE SOPRA,BERGAMO,2854,1061,2021-05-22T15:45:11+0000
016031,BONATE SOTTO,BERGAMO,2191,757,2021-05-22T15:45:11+0000
016032,BORGO DI TERZO,BERGAMO,354,157,2021-05-22T15:45:11+0000
016033,BOSSICO,BERGAMO,369,151,2021-05-22T15:45:11+0000
016034,BOTTANUCO,BERGAMO,1603,573,2021-05-22T15:45:11+0000
016035,BRACCA,BERGAMO,233,102,2021-05-22T15:45:11+0000
016036,BRANZI,BERGAMO,285,131,2021-05-22T15:45:11+0000
016037,BREMBATE,BERGAMO,2611,970,2021-05-22T15:45:11+0000
016038,BREMBATE DI SOPRA,BERGAMO,2801,1252,2021-05-22T15:45:11+0000
016040,BRIGNANO GERA D'ADDA,BERGAMO,2104,1017,2021-05-22T15:45:11+0000
016041,BRUMANO,BERGAMO,43,16,2021-05-22T15:45:11+0000
016042,BRUSAPORTO,BERGAMO,1734,656,2021-05-22T15:45:11+0000
016043,CALCINATE,BERGAMO,1714,740,2021-05-22T15:45:11+0000
016044,CALCIO,BERGAMO,1804,1375,2021-05-22T15:45:11+0000
016046,CALUSCO D'ADDA,BERGAMO,2840,1086,2021-05-22T15:45:11+0000
016047,CALVENZANO,BERGAMO,1572,754,2021-05-22T15:45:11+0000
016048,CAMERATA CORNELLO,BERGAMO,192,90,2021-05-22T15:45:11+0000
016049,CANONICA D'ADDA,BERGAMO,1384,592,2021-05-22T15:45:11+0000
016050,CAPIZZONE,BERGAMO,480,217,2021-05-22T15:45:11+0000
016051,CAPRIATE SAN GERVASIO,BERGAMO,2864,1283,2021-05-22T15:45:11+0000
016052,CAPRINO BERGAMASCO,BERGAMO,1010,415,2021-05-22T15:45:11+0000
016053,CARAVAGGIO,BERGAMO,5766,2733,2021-05-22T15:45:11+0000
016055,CAROBBIO DEGLI ANGELI,BERGAMO,1305,646,2021-05-22T15:45:11+0000
016056,CARONA,BERGAMO,116,58,2021-05-22T15:45:11+0000
016057,CARVICO,BERGAMO,1605,633,2021-05-22T15:45:11+0000
016058,CASAZZA,BERGAMO,1226,603,2021-05-22T15:45:11+0000
016059,CASIRATE D'ADDA,BERGAMO,1372,606,2021-05-22T15:45:11+0000
016060,CASNIGO,BERGAMO,1175,573,2021-05-22T15:45:11+0000
016061,CASSIGLIO,BERGAMO,48,21,2021-05-22T15:45:11+0000
016062,CASTELLI CALEPIO,BERGAMO,3415,2500,2021-05-22T15:45:11+0000
016063,CASTEL ROZZONE,BERGAMO,950,445,2021-05-22T15:45:11+0000
016064,CASTIONE DELLA PRESOLANA,BERGAMO,1307,558,2021-05-22T15:45:11+0000
016065,CASTRO,BERGAMO,594,304,2021-05-22T15:45:11+0000
016066,CAVERNAGO,BERGAMO,720,310,2021-05-22T15:45:11+0000
016067,CAZZANO SANT'ANDREA,BERGAMO,441,205,2021-05-22T15:45:11+0000
016068,CENATE SOPRA,BERGAMO,784,342,2021-05-22T15:45:11+0000
016069,CENATE SOTTO,BERGAMO,1132,490,2021-05-22T15:45:11+0000
016070,CENE,BERGAMO,1426,646,2021-05-22T15:45:11+0000
016071,CERETE,BERGAMO,677,276,2021-05-22T15:45:11+0000
016072,CHIGNOLO D'ISOLA,BERGAMO,870,286,2021-05-22T15:45:11+0000
016073,CHIUDUNO,BERGAMO,2038,1024,2021-05-22T15:45:11+0000
016074,CISANO BERGAMASCO,BERGAMO,2031,814,2021-05-22T15:45:11+0000
016075,CISERANO,BERGAMO,1553,593,2021-05-22T15:45:11+0000
016076,CIVIDATE AL PIANO,BERGAMO,1878,1376,2021-05-22T15:45:11+0000
016077,CLUSONE,BERGAMO,3553,1691,2021-05-22T15:45:11+0000
016078,COLERE,BERGAMO,445,138,2021-05-22T15:45:11+0000
016079,COLOGNO AL SERIO,BERGAMO,3866,1637,2021-05-22T15:45:11+0000
016080,COLZATE,BERGAMO,564,246,2021-05-22T15:45:11+0000
016081,COMUN NUOVO,BERGAMO,1393,629,2021-05-22T15:45:11+0000
016082,CORNA IMAGNA,BERGAMO,318,148,2021-05-22T15:45:11+0000
016083,CORTENUOVA,BERGAMO,650,301,2021-05-22T15:45:11+0000
016084,COSTA DI MEZZATE,BERGAMO,1035,437,2021-05-22T15:45:11+0000
016085,COSTA VALLE IMAGNA,BERGAMO,211,98,2021-05-22T15:45:11+0000
016086,COSTA VOLPINO,BERGAMO,3684,1857,2021-05-22T15:45:11+0000
016087,COVO,BERGAMO,1261,561,2021-05-22T15:45:11+0000
016088,CREDARO,BERGAMO,988,641,2021-05-22T15:45:11+0000
016089,CURNO,BERGAMO,2916,1279,2021-05-22T15:45:11+0000
016090,CUSIO,BERGAMO,109,55,2021-05-22T15:45:11+0000
016091,DALMINE,BERGAMO,8622,3677,2021-05-22T15:45:11+0000
016092,DOSSENA,BERGAMO,362,161,2021-05-22T15:45:11+0000
016093,ENDINE GAIANO,BERGAMO,1198,502,2021-05-22T15:45:11+0000
016094,ENTRATICO,BERGAMO,636,271,2021-05-22T15:45:11+0000
016096,FARA GERA D'ADDA,BERGAMO,2581,1147,2021-05-22T15:45:11+0000
016097,FARA OLIVANA CON SOLA,BERGAMO,438,181,2021-05-22T15:45:11+0000
016098,FILAGO,BERGAMO,1060,385,2021-05-22T15:45:11+0000
016099,FINO DEL MONTE,BERGAMO,462,184,2021-05-22T15:45:11+0000
016100,FIORANO AL SERIO,BERGAMO,1085,517,2021-05-22T15:45:11+0000
016101,FONTANELLA,BERGAMO,1428,680,2021-05-22T15:45:11+0000
016102,FONTENO,BERGAMO,247,120,2021-05-22T15:45:11+0000
016103,FOPPOLO,BERGAMO,62,32,2021-05-22T15:45:11+0000
016104,FORESTO SPARSO,BERGAMO,942,400,2021-05-22T15:45:11+0000
016105,FORNOVO SAN GIOVANNI,BERGAMO,1086,471,2021-05-22T15:45:11+0000
016106,FUIPIANO VALLE IMAGNA,BERGAMO,86,47,2021-05-22T15:45:11+0000
016107,GANDELLINO,BERGAMO,421,179,2021-05-22T15:45:11+0000
016108,GANDINO,BERGAMO,1885,1005,2021-05-22T15:45:11+0000
016109,GANDOSSO,BERGAMO,480,318,2021-05-22T15:45:11+0000
016110,GAVERINA TERME,BERGAMO,291,156,2021-05-22T15:45:11+0000
016111,GAZZANIGA,BERGAMO,1772,899,2021-05-22T15:45:11+0000
016113,GHISALBA,BERGAMO,1800,667,2021-05-22T15:45:11+0000
016114,GORLAGO,BERGAMO,1782,898,2021-05-22T15:45:11+0000
016115,GORLE,BERGAMO,2396,1040,2021-05-22T15:45:11+0000
016116,GORNO,BERGAMO,567,233,2021-05-22T15:45:11+0000
016117,GRASSOBBIO,BERGAMO,1907,676,2021-05-22T15:45:11+0000
016118,GROMO,BERGAMO,487,226,2021-05-22T15:45:11+0000
016119,GRONE,BERGAMO,284,154,2021-05-22T15:45:11+0000
016120,GRUMELLO DEL MONTE,BERGAMO,2557,1374,2021-05-22T15:45:11+0000
016121,ISOLA DI FONDRA,BERGAMO,82,35,2021-05-22T15:45:11+0000
016122,ISSO,BERGAMO,224,103,2021-05-22T15:45:11+0000
016123,LALLIO,BERGAMO,1470,592,2021-05-22T15:45:11+0000
016124,LEFFE,BERGAMO,1777,905,2021-05-22T15:45:11+0000
016125,LENNA,BERGAMO,244,129,2021-05-22T15:45:11+0000
016126,LEVATE,BERGAMO,1346,546,2021-05-22T15:45:11+0000
016127,LOCATELLO,BERGAMO,287,133,2021-05-22T15:45:11+0000
016128,LOVERE,BERGAMO,2440,1285,2021-05-22T15:45:11+0000
016129,LURANO,BERGAMO,831,376,2021-05-22T15:45:11+0000
016130,LUZZANA,BERGAMO,323,138,2021-05-22T15:45:11+0000
016131,MADONE,BERGAMO,1204,455,2021-05-22T15:45:11+0000
016132,MAPELLO,BERGAMO,2213,893,2021-05-22T15:45:11+0000
016133,MARTINENGO,BERGAMO,3272,1336,2021-05-22T15:45:11+0000
016134,MEZZOLDO,BERGAMO,71,39,2021-05-22T15:45:11+0000
016135,MISANO DI GERA D'ADDA,BERGAMO,998,485,2021-05-22T15:45:11+0000
016136,MOIO DE' CALVI,BERGAMO,82,43,2021-05-22T15:45:11+0000
016137,MONASTEROLO DEL CASTELLO,BERGAMO,363,169,2021-05-22T15:45:11+0000
016139,MONTELLO,BERGAMO,918,410,2021-05-22T15:45:11+0000
016140,MORENGO,BERGAMO,871,399,2021-05-22T15:45:11+0000
016141,MORNICO AL SERIO,BERGAMO,907,377,2021-05-22T15:45:11+0000
016142,MOZZANICA,BERGAMO,1478,668,2021-05-22T15:45:11+0000
016143,MOZZO,BERGAMO,2904,1202,2021-05-22T15:45:11+0000
016144,NEMBRO,BERGAMO,4073,1858,2021-05-22T15:45:11+0000
016145,OLMO AL BREMBO,BERGAMO,199,103,2021-05-22T15:45:11+0000
016146,OLTRE IL COLLE,BERGAMO,362,187,2021-05-22T15:45:11+0000
016147,OLTRESSENDA ALTA,BERGAMO,71,27,2021-05-22T15:45:11+0000
016148,ONETA,BERGAMO,235,99,2021-05-22T15:45:11+0000
016149,ONORE,BERGAMO,332,140,2021-05-22T15:45:11+0000
016150,ORIO AL SERIO,BERGAMO,540,209,2021-05-22T15:45:11+0000
016151,ORNICA,BERGAMO,62,34,2021-05-22T15:45:11+0000
016152,OSIO SOPRA,BERGAMO,1656,689,2021-05-22T15:45:11+0000
016153,OSIO SOTTO,BERGAMO,4002,1644,2021-05-22T15:45:11+0000
016154,PAGAZZANO,BERGAMO,722,288,2021-05-22T15:45:11+0000
016155,PALADINA,BERGAMO,1372,582,2021-05-22T15:45:11+0000
016156,PALAZZAGO,BERGAMO,1414,597,2021-05-22T15:45:11+0000
016157,PALOSCO,BERGAMO,1949,1448,2021-05-22T15:45:11+0000
016158,PARRE,BERGAMO,963,416,2021-05-22T15:45:11+0000
016159,PARZANICA,BERGAMO,140,132,2021-05-22T15:45:11+0000
016160,PEDRENGO,BERGAMO,1960,790,2021-05-22T15:45:11+0000
016161,PEIA,BERGAMO,551,235,2021-05-22T15:45:11+0000
016162,PIANICO,BERGAMO,511,250,2021-05-22T15:45:11+0000
016163,PIARIO,BERGAMO,447,224,2021-05-22T15:45:11+0000
016164,PIAZZA BREMBANA,BERGAMO,542,329,2021-05-22T15:45:11+0000
016165,PIAZZATORRE,BERGAMO,156,74,2021-05-22T15:45:11+0000
016166,PIAZZOLO,BERGAMO,37,22,2021-05-22T15:45:11+0000
016167,POGNANO,BERGAMO,512,204,2021-05-22T15:45:11+0000
016168,PONTE NOSSA,BERGAMO,765,385,2021-05-22T15:45:11+0000
016169,PONTERANICA,BERGAMO,2611,1205,2021-05-22T15:45:11+0000
016170,PONTE SAN PIETRO,BERGAMO,4005,1785,2021-05-22T15:45:11+0000
016171,PONTIDA,BERGAMO,1033,391,2021-05-22T15:45:11+0000
016172,PONTIROLO NUOVO,BERGAMO,1564,770,2021-05-22T15:45:11+0000
016173,PRADALUNGA,BERGAMO,1618,715,2021-05-22T15:45:11+0000
016174,PREDORE,BERGAMO,756,498,2021-05-22T15:45:11+0000
016175,PREMOLO,BERGAMO,484,218,2021-05-22T15:45:11+0000
016176,PRESEZZO,BERGAMO,1736,661,2021-05-22T15:45:11+0000
016177,PUMENENGO,BERGAMO,563,413,2021-05-22T15:45:11+0000
016178,RANICA,BERGAMO,2354,1094,2021-05-22T15:45:11+0000
016179,RANZANICO,BERGAMO,444,197,2021-05-22T15:45:11+0000
016180,RIVA DI SOLTO,BERGAMO,439,214,2021-05-22T15:45:11+0000
016182,ROGNO,BERGAMO,1524,726,2021-05-22T15:45:11+0000
016183,ROMANO DI LOMBARDIA,BERGAMO,6736,3197,2021-05-22T15:45:11+0000
016184,RONCOBELLO,BERGAMO,182,97,2021-05-22T15:45:11+0000
016185,RONCOLA,BERGAMO,259,107,2021-05-22T15:45:11+0000
016186,ROTA D'IMAGNA,BERGAMO,357,184,2021-05-22T15:45:11+0000
016187,ROVETTA,BERGAMO,1516,671,2021-05-22T15:45:11+0000
016188,SAN GIOVANNI BIANCO,BERGAMO,1797,875,2021-05-22T15:45:11+0000
016189,SAN PAOLO D'ARGON,BERGAMO,1562,645,2021-05-22T15:45:11+0000
016190,SAN PELLEGRINO TERME,BERGAMO,2023,1035,2021-05-22T15:45:11+0000
016191,SANTA BRIGIDA,BERGAMO,218,99,2021-05-22T15:45:11+0000
016193,SARNICO,BERGAMO,2533,1698,2021-05-22T15:45:11+0000
016194,SCANZOROSCIATE,BERGAMO,3767,1690,2021-05-22T15:45:11+0000
016195,SCHILPARIO,BERGAMO,527,221,2021-05-22T15:45:11+0000
016196,SEDRINA,BERGAMO,761,346,2021-05-22T15:45:11+0000
016197,SELVINO,BERGAMO,704,302,2021-05-22T15:45:11+0000
016198,SERIATE,BERGAMO,8977,3836,2021-05-22T15:45:11+0000
016199,SERINA,BERGAMO,813,387,2021-05-22T15:45:11+0000
016200,SOLTO COLLINA,BERGAMO,703,346,2021-05-22T15:45:11+0000
016201,SONGAVAZZO,BERGAMO,265,116,2021-05-22T15:45:11+0000
016202,SORISOLE,BERGAMO,3059,1254,2021-05-22T15:45:11+0000
016203,SOTTO IL MONTE GIOVANNI XXIII,BERGAMO,1413,567,2021-05-22T15:45:11+0000
016204,SOVERE,BERGAMO,2107,1035,2021-05-22T15:45:11+0000
016205,SPINONE AL LAGO,BERGAMO,327,166,2021-05-22T15:45:11+0000
016206,SPIRANO,BERGAMO,1831,738,2021-05-22T15:45:11+0000
016207,STEZZANO,BERGAMO,4456,1785,2021-05-22T15:45:11+0000
016208,STROZZA,BERGAMO,363,175,2021-05-22T15:45:11+0000
016209,SUISIO,BERGAMO,1153,383,2021-05-22T15:45:11+0000
016210,TALEGGIO,BERGAMO,181,78,2021-05-22T15:45:11+0000
016211,TAVERNOLA BERGAMASCA,BERGAMO,955,643,2021-05-22T15:45:11+0000
016212,TELGATE,BERGAMO,1465,960,2021-05-22T15:45:11+0000
016213,TERNO D'ISOLA,BERGAMO,2205,844,2021-05-22T15:45:11+0000
016214,TORRE BOLDONE,BERGAMO,3420,1557,2021-05-22T15:45:11+0000
016215,TORRE DE' BUSI,BERGAMO,740,266,2021-05-22T15:45:11+0000
016216,TORRE DE' ROVERI,BERGAMO,800,323,2021-05-22T15:45:11+0000
016217,TORRE PALLAVICINA,BERGAMO,351,249,2021-05-22T15:45:11+0000
016218,TRESCORE BALNEARIO,BERGAMO,3038,1466,2021-05-22T15:45:11+0000
016219,TREVIGLIO,BERGAMO,11213,5556,2021-05-22T15:45:11+0000
016220,TREVIOLO,BERGAMO,3941,1739,2021-05-22T15:45:11+0000
016221,UBIALE CLANEZZO,BERGAMO,491,225,2021-05-22T15:45:11+0000
016222,URGNANO,BERGAMO,3210,1311,2021-05-22T15:45:11+0000
016223,VALBONDIONE,BERGAMO,390,179,2021-05-22T15:45:11+0000
016224,VALBREMBO,BERGAMO,1474,594,2021-05-22T15:45:11+0000
016225,VALGOGLIO,BERGAMO,292,70,2021-05-22T15:45:11+0000
016226,VALLEVE,BERGAMO,49,23,2021-05-22T15:45:11+0000
016227,VALNEGRA,BERGAMO,86,41,2021-05-22T15:45:11+0000
016229,VALTORTA,BERGAMO,90,41,2021-05-22T15:45:11+0000
016230,VEDESETA,BERGAMO,96,43,2021-05-22T15:45:11+0000
016232,VERDELLINO,BERGAMO,2083,830,2021-05-22T15:45:11+0000
016233,VERDELLO,BERGAMO,2749,1313,2021-05-22T15:45:11+0000
016234,VERTOVA,BERGAMO,1859,977,2021-05-22T15:45:11+0000
016235,VIADANICA,BERGAMO,367,260,2021-05-22T15:45:11+0000
016236,VIGANO SAN MARTINO,BERGAMO,385,187,2021-05-22T15:45:11+0000
016237,VIGOLO,BERGAMO,157,50,2021-05-22T15:45:11+0000
016238,VILLA D'ADDA,BERGAMO,1641,685,2021-05-22T15:45:11+0000
016239,VILLA D'ALME',BERGAMO,2335,1169,2021-05-22T15:45:11+0000
016240,VILLA DI SERIO,BERGAMO,2364,1013,2021-05-22T15:45:11+0000
016241,VILLA D'OGNA,BERGAMO,692,324,2021-05-22T15:45:11+0000
016242,VILLONGO,BERGAMO,2378,1521,2021-05-22T15:45:11+0000
016243,VILMINORE DI SCALVE,BERGAMO,597,235,2021-05-22T15:45:11+0000
016244,ZANDOBBIO,BERGAMO,865,389,2021-05-22T15:45:11+0000
016245,ZANICA,BERGAMO,2674,1002,2021-05-22T15:45:11+0000
016246,ZOGNO,BERGAMO,3318,1666,2021-05-22T15:45:11+0000
016247,COSTA SERINA,BERGAMO,316,136,2021-05-22T15:45:11+0000
016248,ALGUA,BERGAMO,227,94,2021-05-22T15:45:11+0000
016249,CORNALBA,BERGAMO,117,50,2021-05-22T15:45:11+0000
016250,MEDOLAGO,BERGAMO,797,283,2021-05-22T15:45:11+0000
016251,SOLZA,BERGAMO,571,198,2021-05-22T15:45:11+0000
016252,SANT'OMOBONO TERME,BERGAMO,1409,676,2021-05-22T15:45:11+0000
016253,VAL BREMBILLA,BERGAMO,1562,775,2021-05-22T15:45:11+0000
017001,ACQUAFREDDA,BRESCIA,465,161,2021-05-22T15:45:11+0000
017002,ADRO,BRESCIA,2513,1185,2021-05-22T15:45:11+0000
017003,AGNOSINE,BRESCIA,585,271,2021-05-22T15:45:11+0000
017004,ALFIANELLO,BRESCIA,889,444,2021-05-22T15:45:11+0000
017005,ANFO,BRESCIA,165,68,2021-05-22T15:45:11+0000
017006,ANGOLO TERME,BRESCIA,1061,349,2021-05-22T15:45:11+0000
017007,ARTOGNE,BRESCIA,1224,424,2021-05-22T15:45:11+0000
017008,AZZANO MELLA,BRESCIA,992,417,2021-05-22T15:45:11+0000
017009,BAGNOLO MELLA,BRESCIA,4435,2152,2021-05-22T15:45:11+0000
017010,BAGOLINO,BRESCIA,1511,808,2021-05-22T15:45:11+0000
017011,BARBARIGA,BRESCIA,796,375,2021-05-22T15:45:11+0000
017012,BARGHE,BRESCIA,407,211,2021-05-22T15:45:11+0000
017013,BASSANO BRESCIANO,BRESCIA,716,324,2021-05-22T15:45:11+0000
017014,BEDIZZOLE,BRESCIA,3478,1695,2021-05-22T15:45:11+0000
017015,BERLINGO,BRESCIA,855,361,2021-05-22T15:45:11+0000
017016,BERZO DEMO,BRESCIA,715,229,2021-05-22T15:45:11+0000
017017,BERZO INFERIORE,BRESCIA,1006,356,2021-05-22T15:45:11+0000
017018,BIENNO,BRESCIA,1756,655,2021-05-22T15:45:11+0000
017019,BIONE,BRESCIA,527,241,2021-05-22T15:45:11+0000
017020,BORGO SAN GIACOMO,BRESCIA,1674,816,2021-05-22T15:45:11+0000
017021,BORGOSATOLLO,BRESCIA,3340,1390,2021-05-22T15:45:11+0000
017022,BORNO,BRESCIA,1141,423,2021-05-22T15:45:11+0000
017023,BOTTICINO,BRESCIA,4259,1849,2021-05-22T15:45:11+0000
017024,BOVEGNO,BRESCIA,737,332,2021-05-22T15:45:11+0000
017025,BOVEZZO,BRESCIA,3140,1348,2021-05-22T15:45:11+0000
017026,BRANDICO,BRESCIA,489,203,2021-05-22T15:45:11+0000
017027,BRAONE,BRESCIA,258,94,2021-05-22T15:45:11+0000
017028,BRENO,BRESCIA,2202,853,2021-05-22T15:45:11+0000
017029,BRESCIA,BRESCIA,76421,36883,2021-05-22T15:45:11+0000
017030,BRIONE,BRESCIA,239,112,2021-05-22T15:45:11+0000
017031,CAINO,BRESCIA,685,312,2021-05-22T15:45:11+0000
017032,CALCINATO,BRESCIA,3529,1688,2021-05-22T15:45:11+0000
017033,CALVAGESE DELLA RIVIERA,BRESCIA,909,429,2021-05-22T15:45:11+0000
017034,CALVISANO,BRESCIA,2553,1005,2021-05-22T15:45:11+0000
017035,CAPO DI PONTE,BRESCIA,1070,415,2021-05-22T15:45:11+0000
017036,CAPOVALLE,BRESCIA,149,72,2021-05-22T15:45:11+0000
017037,CAPRIANO DEL COLLE,BRESCIA,1685,692,2021-05-22T15:45:11+0000
017038,CAPRIOLO,BRESCIA,3232,2392,2021-05-22T15:45:11+0000
017039,CARPENEDOLO,BRESCIA,3689,1507,2021-05-22T15:45:11+0000
017040,CASTEGNATO,BRESCIA,2837,1183,2021-05-22T15:45:11+0000
017041,CASTELCOVATI,BRESCIA,1872,851,2021-05-22T15:45:11+0000
017042,CASTEL MELLA,BRESCIA,3669,1469,2021-05-22T15:45:11+0000
017043,CASTENEDOLO,BRESCIA,3970,1780,2021-05-22T15:45:11+0000
017044,CASTO,BRESCIA,476,213,2021-05-22T15:45:11+0000
017045,CASTREZZATO,BRESCIA,2087,941,2021-05-22T15:45:11+0000
017046,CAZZAGO SAN MARTINO,BRESCIA,3685,1562,2021-05-22T15:45:11+0000
017047,CEDEGOLO,BRESCIA,465,162,2021-05-22T15:45:11+0000
017048,CELLATICA,BRESCIA,2082,931,2021-05-22T15:45:11+0000
017049,CERVENO,BRESCIA,291,102,2021-05-22T15:45:11+0000
017050,CETO,BRESCIA,792,270,2021-05-22T15:45:11+0000
017051,CEVO,BRESCIA,381,121,2021-05-22T15:45:11+0000
017052,CHIARI,BRESCIA,6856,3389,2021-05-22T15:45:11+0000
017053,CIGOLE,BRESCIA,523,241,2021-05-22T15:45:11+0000
017054,CIMBERGO,BRESCIA,235,74,2021-05-22T15:45:11+0000
017055,CIVIDATE CAMUNO,BRESCIA,1116,380,2021-05-22T15:45:11+0000
017056,COCCAGLIO,BRESCIA,2822,1336,2021-05-22T15:45:11+0000
017057,COLLEBEATO,BRESCIA,2148,1004,2021-05-22T15:45:11+0000
017058,COLLIO,BRESCIA,675,272,2021-05-22T15:45:11+0000
017059,COLOGNE,BRESCIA,2508,1157,2021-05-22T15:45:11+0000
017060,COMEZZANO-CIZZAGO,BRESCIA,1033,462,2021-05-22T15:45:11+0000
017061,CONCESIO,BRESCIA,6040,2758,2021-05-22T15:45:11+0000
017062,CORTE FRANCA,BRESCIA,2407,1071,2021-05-22T15:45:11+0000
017063,CORTENO GOLGI,BRESCIA,759,250,2021-05-22T15:45:11+0000
017064,CORZANO,BRESCIA,450,204,2021-05-22T15:45:11+0000
017065,DARFO BOARIO TERME,BRESCIA,6010,2239,2021-05-22T15:45:11+0000
017066,DELLO,BRESCIA,1677,697,2021-05-22T15:45:11+0000
017067,DESENZANO DEL GARDA,BRESCIA,9528,4827,2021-05-22T15:45:11+0000
017068,EDOLO,BRESCIA,1865,722,2021-05-22T15:45:11+0000
017069,ERBUSCO,BRESCIA,2830,1169,2021-05-22T15:45:11+0000
017070,ESINE,BRESCIA,2020,769,2021-05-22T15:45:11+0000
017071,FIESSE,BRESCIA,669,298,2021-05-22T15:45:11+0000
017072,FLERO,BRESCIA,3225,1374,2021-05-22T15:45:11+0000
017073,GAMBARA,BRESCIA,1740,799,2021-05-22T15:45:11+0000
017074,GARDONE RIVIERA,BRESCIA,887,473,2021-05-22T15:45:11+0000
017075,GARDONE VAL TROMPIA,BRESCIA,4236,2123,2021-05-22T15:45:11+0000
017076,GARGNANO,BRESCIA,1076,595,2021-05-22T15:45:11+0000
017077,GAVARDO,BRESCIA,3859,2004,2021-05-22T15:45:11+0000
017078,GHEDI,BRESCIA,5681,2491,2021-05-22T15:45:11+0000
017079,GIANICO,BRESCIA,804,301,2021-05-22T15:45:11+0000
017080,GOTTOLENGO,BRESCIA,1657,812,2021-05-22T15:45:11+0000
017081,GUSSAGO,BRESCIA,6266,2565,2021-05-22T15:45:11+0000
017082,IDRO,BRESCIA,620,268,2021-05-22T15:45:11+0000
017083,INCUDINE,BRESCIA,147,54,2021-05-22T15:45:11+0000
017084,IRMA,BRESCIA,53,21,2021-05-22T15:45:11+0000
017085,ISEO,BRESCIA,3825,3009,2021-05-22T15:45:11+0000
017086,ISORELLA,BRESCIA,1349,619,2021-05-22T15:45:11+0000
017087,LAVENONE,BRESCIA,199,81,2021-05-22T15:45:11+0000
017088,LENO,BRESCIA,4761,2130,2021-05-22T15:45:11+0000
017089,LIMONE SUL GARDA,BRESCIA,316,151,2021-05-22T15:45:11+0000
017090,LODRINO,BRESCIA,638,241,2021-05-22T15:45:11+0000
017091,LOGRATO,BRESCIA,1316,605,2021-05-22T15:45:11+0000
017092,LONATO DEL GARDA,BRESCIA,4969,2371,2021-05-22T15:45:11+0000
017093,LONGHENA,BRESCIA,259,105,2021-05-22T15:45:11+0000
017094,LOSINE,BRESCIA,260,104,2021-05-22T15:45:11+0000
017095,LOZIO,BRESCIA,186,96,2021-05-22T15:45:11+0000
017096,LUMEZZANE,BRESCIA,7769,3517,2021-05-22T15:45:11+0000
017097,MACLODIO,BRESCIA,454,183,2021-05-22T15:45:11+0000
017098,MAGASA,BRESCIA,52,32,2021-05-22T15:45:11+0000
017099,MAIRANO,BRESCIA,1026,440,2021-05-22T15:45:11+0000
017100,MALEGNO,BRESCIA,879,319,2021-05-22T15:45:11+0000
017101,MALONNO,BRESCIA,1363,533,2021-05-22T15:45:11+0000
017102,MANERBA DEL GARDA,BRESCIA,1361,667,2021-05-22T15:45:11+0000
017103,MANERBIO,BRESCIA,4725,2264,2021-05-22T15:45:11+0000
017104,MARCHENO,BRESCIA,1393,592,2021-05-22T15:45:11+0000
017105,MARMENTINO,BRESCIA,244,97,2021-05-22T15:45:11+0000
017106,MARONE,BRESCIA,1239,583,2021-05-22T15:45:11+0000
017107,MAZZANO,BRESCIA,4099,1970,2021-05-22T15:45:11+0000
017108,MILZANO,BRESCIA,524,258,2021-05-22T15:45:11+0000
017109,MONIGA DEL GARDA,BRESCIA,763,353,2021-05-22T15:45:11+0000
017110,MONNO,BRESCIA,230,84,2021-05-22T15:45:11+0000
017111,MONTE ISOLA,BRESCIA,698,436,2021-05-22T15:45:11+0000
017112,MONTICELLI BRUSATI,BRESCIA,1743,726,2021-05-22T15:45:11+0000
017113,MONTICHIARI,BRESCIA,6909,2954,2021-05-22T15:45:11+0000
017114,MONTIRONE,BRESCIA,1551,608,2021-05-22T15:45:11+0000
017115,MURA,BRESCIA,252,120,2021-05-22T15:45:11+0000
017116,MUSCOLINE,BRESCIA,776,362,2021-05-22T15:45:11+0000
017117,NAVE,BRESCIA,4424,1976,2021-05-22T15:45:11+0000
017118,NIARDO,BRESCIA,745,261,2021-05-22T15:45:11+0000
017119,NUVOLENTO,BRESCIA,1136,546,2021-05-22T15:45:11+0000
017120,NUVOLERA,BRESCIA,1369,680,2021-05-22T15:45:11+0000
017121,ODOLO,BRESCIA,574,276,2021-05-22T15:45:11+0000
017122,OFFLAGA,BRESCIA,1298,563,2021-05-22T15:45:11+0000
017123,OME,BRESCIA,1229,579,2021-05-22T15:45:11+0000
017124,ONO SAN PIETRO,BRESCIA,378,119,2021-05-22T15:45:11+0000
017125,ORZINUOVI,BRESCIA,4565,2162,2021-05-22T15:45:11+0000
017126,ORZIVECCHI,BRESCIA,899,459,2021-05-22T15:45:11+0000
017127,OSPITALETTO,BRESCIA,4598,2078,2021-05-22T15:45:11+0000
017128,OSSIMO,BRESCIA,599,224,2021-05-22T15:45:11+0000
017129,PADENGHE SUL GARDA,BRESCIA,1417,716,2021-05-22T15:45:11+0000
017130,PADERNO FRANCIACORTA,BRESCIA,1358,603,2021-05-22T15:45:11+0000
017131,PAISCO LOVENO,BRESCIA,67,21,2021-05-22T15:45:11+0000
017132,PAITONE,BRESCIA,597,288,2021-05-22T15:45:11+0000
017133,PALAZZOLO SULL'OGLIO,BRESCIA,6621,4739,2021-05-22T15:45:11+0000
017134,PARATICO,BRESCIA,1587,1129,2021-05-22T15:45:11+0000
017135,PASPARDO,BRESCIA,313,106,2021-05-22T15:45:11+0000
017136,PASSIRANO,BRESCIA,2640,1182,2021-05-22T15:45:11+0000
017137,PAVONE DEL MELLA,BRESCIA,889,429,2021-05-22T15:45:11+0000
017138,SAN PAOLO,BRESCIA,1404,603,2021-05-22T15:45:11+0000
017139,PERTICA ALTA,BRESCIA,172,86,2021-05-22T15:45:11+0000
017140,PERTICA BASSA,BRESCIA,221,106,2021-05-22T15:45:11+0000
017141,PEZZAZE,BRESCIA,596,305,2021-05-22T15:45:11+0000
017142,PIAN CAMUNO,BRESCIA,1482,483,2021-05-22T15:45:11+0000
017143,PISOGNE,BRESCIA,3383,1482,2021-05-22T15:45:11+0000
017144,POLAVENO,BRESCIA,925,395,2021-05-22T15:45:11+0000
017145,POLPENAZZE DEL GARDA,BRESCIA,809,364,2021-05-22T15:45:11+0000
017146,POMPIANO,BRESCIA,1275,565,2021-05-22T15:45:11+0000
017147,PONCARALE,BRESCIA,1885,790,2021-05-22T15:45:11+0000
017148,PONTE DI LEGNO,BRESCIA,650,225,2021-05-22T15:45:11+0000
017149,PONTEVICO,BRESCIA,2914,1944,2021-05-22T15:45:11+0000
017150,PONTOGLIO,BRESCIA,2352,1520,2021-05-22T15:45:11+0000
017151,POZZOLENGO,BRESCIA,1167,498,2021-05-22T15:45:11+0000
017152,PRALBOINO,BRESCIA,968,535,2021-05-22T15:45:11+0000
017153,PRESEGLIE,BRESCIA,514,239,2021-05-22T15:45:11+0000
017155,PREVALLE,BRESCIA,1691,777,2021-05-22T15:45:11+0000
017156,PROVAGLIO D'ISEO,BRESCIA,2464,1068,2021-05-22T15:45:11+0000
017157,PROVAGLIO VAL SABBIA,BRESCIA,311,163,2021-05-22T15:45:11+0000
017158,PUEGNAGO SUL GARDA,BRESCIA,995,484,2021-05-22T15:45:11+0000
017159,QUINZANO D'OGLIO,BRESCIA,2182,1148,2021-05-22T15:45:11+0000
017160,REMEDELLO,BRESCIA,1065,411,2021-05-22T15:45:11+0000
017161,REZZATO,BRESCIA,4772,2241,2021-05-22T15:45:11+0000
017162,ROCCAFRANCA,BRESCIA,1364,712,2021-05-22T15:45:11+0000
017163,RODENGO-SAIANO,BRESCIA,3386,1525,2021-05-22T15:45:11+0000
017164,ROE' VOLCIANO,BRESCIA,1531,839,2021-05-22T15:45:11+0000
017165,RONCADELLE,BRESCIA,3295,1444,2021-05-22T15:45:11+0000
017166,ROVATO,BRESCIA,5845,2702,2021-05-22T15:45:11+0000
017167,RUDIANO,BRESCIA,1799,986,2021-05-22T15:45:11+0000
017168,SABBIO CHIESE,BRESCIA,1146,582,2021-05-22T15:45:11+0000
017169,SALE MARASINO,BRESCIA,1351,716,2021-05-22T15:45:11+0000
017170,SALO',BRESCIA,3899,2129,2021-05-22T15:45:11+0000
017171,SAN FELICE DEL BENACO,BRESCIA,1074,579,2021-05-22T15:45:11+0000
017172,SAN GERVASIO BRESCIANO,BRESCIA,666,295,2021-05-22T15:45:11+0000
017173,SAN ZENO NAVIGLIO,BRESCIA,1749,767,2021-05-22T15:45:11+0000
017174,SAREZZO,BRESCIA,4651,2079,2021-05-22T15:45:11+0000
017175,SAVIORE DELL'ADAMELLO,BRESCIA,404,140,2021-05-22T15:45:11+0000
017176,SELLERO,BRESCIA,653,228,2021-05-22T15:45:11+0000
017177,SENIGA,BRESCIA,557,293,2021-05-22T15:45:11+0000
017178,SERLE,BRESCIA,1000,504,2021-05-22T15:45:11+0000
017179,SIRMIONE,BRESCIA,2256,1076,2021-05-22T15:45:11+0000
017180,SOIANO DEL LAGO,BRESCIA,541,244,2021-05-22T15:45:11+0000
017181,SONICO,BRESCIA,513,174,2021-05-22T15:45:11+0000
017182,SULZANO,BRESCIA,650,295,2021-05-22T15:45:11+0000
017183,TAVERNOLE SUL MELLA,BRESCIA,494,243,2021-05-22T15:45:11+0000
017184,TEMU',BRESCIA,417,179,2021-05-22T15:45:11+0000
017185,TIGNALE,BRESCIA,498,283,2021-05-22T15:45:11+0000
017186,TORBOLE CASAGLIA,BRESCIA,2075,882,2021-05-22T15:45:11+0000
017187,TOSCOLANO-MADERNO,BRESCIA,2708,1435,2021-05-22T15:45:11+0000
017188,TRAVAGLIATO,BRESCIA,4652,2044,2021-05-22T15:45:11+0000
017189,TREMOSINE,BRESCIA,576,283,2021-05-22T15:45:11+0000
017190,TRENZANO,BRESCIA,1732,789,2021-05-22T15:45:11+0000
017191,TREVISO BRESCIANO,BRESCIA,188,78,2021-05-22T15:45:11+0000
017192,URAGO D'OGLIO,BRESCIA,1202,741,2021-05-22T15:45:11+0000
017193,VALLIO TERME,BRESCIA,489,238,2021-05-22T15:45:11+0000
017194,VALVESTINO,BRESCIA,69,39,2021-05-22T15:45:11+0000
017195,VEROLANUOVA,BRESCIA,2973,1395,2021-05-22T15:45:11+0000
017196,VEROLAVECCHIA,BRESCIA,1347,622,2021-05-22T15:45:11+0000
017197,VESTONE,BRESCIA,1374,723,2021-05-22T15:45:11+0000
017198,VEZZA D'OGLIO,BRESCIA,545,167,2021-05-22T15:45:11+0000
017199,VILLA CARCINA,BRESCIA,4075,1856,2021-05-22T15:45:11+0000
017200,VILLACHIARA,BRESCIA,482,237,2021-05-22T15:45:11+0000
017201,VILLANUOVA SUL CLISI,BRESCIA,2079,1132,2021-05-22T15:45:11+0000
017202,VIONE,BRESCIA,293,85,2021-05-22T15:45:11+0000
017203,VISANO,BRESCIA,694,298,2021-05-22T15:45:11+0000
017204,VOBARNO,BRESCIA,2456,1226,2021-05-22T15:45:11+0000
017205,ZONE,BRESCIA,422,212,2021-05-22T15:45:11+0000
017206,PIANCOGNO,BRESCIA,1771,666,2021-05-22T15:45:11+0000
018001,ALAGNA,PAVIA,235,84,2021-05-22T15:45:11+0000
018002,ALBAREDO ARNABOLDI,PAVIA,90,52,2021-05-22T15:45:11+0000
018003,ALBONESE,PAVIA,216,136,2021-05-22T15:45:11+0000
018004,ALBUZZANO,PAVIA,1312,592,2021-05-22T15:45:11+0000
018005,ARENA PO,PAVIA,584,299,2021-05-22T15:45:11+0000
018006,BADIA PAVESE,PAVIA,110,47,2021-05-22T15:45:11+0000
018007,BAGNARIA,PAVIA,311,171,2021-05-22T15:45:11+0000
018008,BARBIANELLO,PAVIA,283,117,2021-05-22T15:45:11+0000
018009,BASCAPE',PAVIA,582,255,2021-05-22T15:45:11+0000
018011,BASTIDA PANCARANA,PAVIA,387,195,2021-05-22T15:45:11+0000
018012,BATTUDA,PAVIA,198,86,2021-05-22T15:45:11+0000
018013,BELGIOIOSO,PAVIA,2491,1290,2021-05-22T15:45:11+0000
018014,BEREGUARDO,PAVIA,957,385,2021-05-22T15:45:11+0000
018015,BORGARELLO,PAVIA,990,499,2021-05-22T15:45:11+0000
018016,BORGO PRIOLO,PAVIA,443,243,2021-05-22T15:45:11+0000
018017,BORGORATTO MORMOROLO,PAVIA,123,74,2021-05-22T15:45:11+0000
018018,BORGO SAN SIRO,PAVIA,348,184,2021-05-22T15:45:11+0000
018019,BORNASCO,PAVIA,733,298,2021-05-22T15:45:11+0000
018020,BOSNASCO,PAVIA,219,76,2021-05-22T15:45:11+0000
018021,BRALLO DI PREGOLA,PAVIA,211,104,2021-05-22T15:45:11+0000
018022,BREME,PAVIA,279,135,2021-05-22T15:45:11+0000
018023,BRESSANA BOTTARONE,PAVIA,1319,630,2021-05-22T15:45:11+0000
018024,BRONI,PAVIA,3337,1639,2021-05-22T15:45:11+0000
018025,CALVIGNANO,PAVIA,56,27,2021-05-22T15:45:11+0000
018026,CAMPOSPINOSO,PAVIA,402,206,2021-05-22T15:45:11+0000
018027,CANDIA LOMELLINA,PAVIA,502,251,2021-05-22T15:45:11+0000
018029,CANNETO PAVESE,PAVIA,501,187,2021-05-22T15:45:11+0000
018030,CARBONARA AL TICINO,PAVIA,516,252,2021-05-22T15:45:11+0000
018031,CASANOVA LONATI,PAVIA,173,80,2021-05-22T15:45:11+0000
018032,CASATISMA,PAVIA,277,139,2021-05-22T15:45:11+0000
018033,CASEI GEROLA,PAVIA,932,493,2021-05-22T15:45:11+0000
018034,CASORATE PRIMO,PAVIA,2761,1109,2021-05-22T15:45:11+0000
018035,CASSOLNOVO,PAVIA,2055,970,2021-05-22T15:45:11+0000
018036,CASTANA,PAVIA,277,154,2021-05-22T15:45:11+0000
018037,CASTEGGIO,PAVIA,2446,1285,2021-05-22T15:45:11+0000
018038,CASTELLETTO DI BRANDUZZO,PAVIA,378,184,2021-05-22T15:45:11+0000
018039,CASTELLO D'AGOGNA,PAVIA,391,179,2021-05-22T15:45:11+0000
018040,CASTELNOVETTO,PAVIA,189,98,2021-05-22T15:45:11+0000
018041,CAVA MANARA,PAVIA,2871,1405,2021-05-22T15:45:11+0000
018042,CECIMA,PAVIA,109,66,2021-05-22T15:45:11+0000
018043,CERANOVA,PAVIA,592,268,2021-05-22T15:45:11+0000
018044,CERETTO LOMELLINA,PAVIA,58,24,2021-05-22T15:45:11+0000
018045,CERGNAGO,PAVIA,253,115,2021-05-22T15:45:11+0000
018046,CERTOSA DI PAVIA,PAVIA,1769,798,2021-05-22T15:45:11+0000
018047,CERVESINA,PAVIA,469,283,2021-05-22T15:45:11+0000
018048,CHIGNOLO PO,PAVIA,1340,609,2021-05-22T15:45:11+0000
018049,CIGOGNOLA,PAVIA,588,282,2021-05-22T15:45:11+0000
018050,CILAVEGNA,PAVIA,1946,998,2021-05-22T15:45:11+0000
018051,CODEVILLA,PAVIA,350,171,2021-05-22T15:45:11+0000
018052,CONFIENZA,PAVIA,427,191,2021-05-22T15:45:11+0000
018053,COPIANO,PAVIA,651,303,2021-05-22T15:45:11+0000
018054,CORANA,PAVIA,258,111,2021-05-22T15:45:11+0000
018057,CORVINO SAN QUIRICO,PAVIA,442,247,2021-05-22T15:45:11+0000
018058,COSTA DE' NOBILI,PAVIA,113,56,2021-05-22T15:45:11+0000
018059,COZZO,PAVIA,141,70,2021-05-22T15:45:11+0000
018060,CURA CARPIGNANO,PAVIA,1703,783,2021-05-22T15:45:11+0000
018061,DORNO,PAVIA,1640,831,2021-05-22T15:45:11+0000
018062,FERRERA ERBOGNONE,PAVIA,425,216,2021-05-22T15:45:11+0000
018063,FILIGHERA,PAVIA,322,150,2021-05-22T15:45:11+0000
018064,FORTUNAGO,PAVIA,124,65,2021-05-22T15:45:11+0000
018065,FRASCAROLO,PAVIA,445,225,2021-05-22T15:45:11+0000
018066,GALLIAVOLA,PAVIA,67,42,2021-05-22T15:45:11+0000
018067,GAMBARANA,PAVIA,78,49,2021-05-22T15:45:11+0000
018068,GAMBOLO',PAVIA,3194,1504,2021-05-22T15:45:11+0000
018069,GARLASCO,PAVIA,3306,1465,2021-05-22T15:45:11+0000
018071,GERENZAGO,PAVIA,445,177,2021-05-22T15:45:11+0000
018072,GIUSSAGO,PAVIA,1614,713,2021-05-22T15:45:11+0000
018073,GODIASCO,PAVIA,1372,863,2021-05-22T15:45:11+0000
018074,GOLFERENZO,PAVIA,70,37,2021-05-22T15:45:11+0000
018075,GRAVELLONA LOMELLINA,PAVIA,867,466,2021-05-22T15:45:11+0000
018076,GROPELLO CAIROLI,PAVIA,1597,720,2021-05-22T15:45:11+0000
018077,INVERNO E MONTELEONE,PAVIA,529,199,2021-05-22T15:45:11+0000
018078,LANDRIANO,PAVIA,1947,949,2021-05-22T15:45:11+0000
018079,LANGOSCO,PAVIA,127,63,2021-05-22T15:45:11+0000
018080,LARDIRAGO,PAVIA,476,233,2021-05-22T15:45:11+0000
018081,LINAROLO,PAVIA,1037,477,2021-05-22T15:45:11+0000
018082,LIRIO,PAVIA,45,22,2021-05-22T15:45:11+0000
018083,LOMELLO,PAVIA,723,394,2021-05-22T15:45:11+0000
018084,LUNGAVILLA,PAVIA,845,458,2021-05-22T15:45:11+0000
018085,MAGHERNO,PAVIA,617,185,2021-05-22T15:45:11+0000
018086,MARCIGNAGO,PAVIA,878,421,2021-05-22T15:45:11+0000
018087,MARZANO,PAVIA,461,159,2021-05-22T15:45:11+0000
018088,MEDE,PAVIA,3156,1744,2021-05-22T15:45:11+0000
018089,MENCONICO,PAVIA,161,112,2021-05-22T15:45:11+0000
018090,MEZZANA BIGLI,PAVIA,381,174,2021-05-22T15:45:11+0000
018091,MEZZANA RABATTONE,PAVIA,179,70,2021-05-22T15:45:11+0000
018092,MEZZANINO,PAVIA,558,255,2021-05-22T15:45:11+0000
018093,MIRADOLO TERME,PAVIA,1271,524,2021-05-22T15:45:11+0000
018094,MONTALTO PAVESE,PAVIA,278,132,2021-05-22T15:45:11+0000
018095,MONTEBELLO DELLA BATTAGLIA,PAVIA,607,334,2021-05-22T15:45:11+0000
018096,MONTECALVO VERSIGGIA,PAVIA,174,85,2021-05-22T15:45:11+0000
018097,MONTESCANO,PAVIA,144,82,2021-05-22T15:45:11+0000
018098,MONTESEGALE,PAVIA,93,55,2021-05-22T15:45:11+0000
018099,MONTICELLI PAVESE,PAVIA,204,69,2021-05-22T15:45:11+0000
018100,MONTU' BECCARIA,PAVIA,589,266,2021-05-22T15:45:11+0000
018101,MORNICO LOSANA,PAVIA,227,96,2021-05-22T15:45:11+0000
018102,MORTARA,PAVIA,5090,2374,2021-05-22T15:45:11+0000
018103,NICORVO,PAVIA,87,42,2021-05-22T15:45:11+0000
018104,OLEVANO DI LOMELLINA,PAVIA,194,85,2021-05-22T15:45:11+0000
018105,OLIVA GESSI,PAVIA,65,27,2021-05-22T15:45:11+0000
018106,OTTOBIANO,PAVIA,365,254,2021-05-22T15:45:11+0000
018107,PALESTRO,PAVIA,541,263,2021-05-22T15:45:11+0000
018108,PANCARANA,PAVIA,119,66,2021-05-22T15:45:11+0000
018109,PARONA,PAVIA,617,311,2021-05-22T15:45:11+0000
018110,PAVIA,PAVIA,32269,16711,2021-05-22T15:45:11+0000
018111,PIETRA DE' GIORGI,PAVIA,275,139,2021-05-22T15:45:11+0000
018112,PIEVE ALBIGNOLA,PAVIA,325,149,2021-05-22T15:45:11+0000
018113,PIEVE DEL CAIRO,PAVIA,786,443,2021-05-22T15:45:11+0000
018114,PIEVE PORTO MORONE,PAVIA,871,371,2021-05-22T15:45:11+0000
018115,PINAROLO PO,PAVIA,678,369,2021-05-22T15:45:11+0000
018116,PIZZALE,PAVIA,265,121,2021-05-22T15:45:11+0000
018117,PONTE NIZZA,PAVIA,401,226,2021-05-22T15:45:11+0000
018118,PORTALBERA,PAVIA,516,189,2021-05-22T15:45:11+0000
018119,REA,PAVIA,177,80,2021-05-22T15:45:11+0000
018120,REDAVALLE,PAVIA,365,167,2021-05-22T15:45:11+0000
018121,RETORBIDO,PAVIA,594,349,2021-05-22T15:45:11+0000
018122,RIVANAZZANO TERME,PAVIA,1891,1176,2021-05-22T15:45:11+0000
018123,ROBBIO,PAVIA,1961,828,2021-05-22T15:45:11+0000
018124,ROBECCO PAVESE,PAVIA,196,104,2021-05-22T15:45:11+0000
018125,ROCCA DE' GIORGI,PAVIA,11,5,2021-05-22T15:45:11+0000
018126,ROCCA SUSELLA,PAVIA,70,39,2021-05-22T15:45:11+0000
018127,ROGNANO,PAVIA,149,44,2021-05-22T15:45:11+0000
018128,ROMAGNESE,PAVIA,284,161,2021-05-22T15:45:11+0000
018129,RONCARO,PAVIA,459,191,2021-05-22T15:45:11+0000
018130,ROSASCO,PAVIA,205,87,2021-05-22T15:45:11+0000
018131,ROVESCALA,PAVIA,298,148,2021-05-22T15:45:11+0000
018133,SAN CIPRIANO PO,PAVIA,123,59,2021-05-22T15:45:11+0000
018134,SAN DAMIANO AL COLLE,PAVIA,245,106,2021-05-22T15:45:11+0000
018135,SAN GENESIO ED UNITI,PAVIA,1711,772,2021-05-22T15:45:11+0000
018136,SAN GIORGIO DI LOMELLINA,PAVIA,380,168,2021-05-22T15:45:11+0000
018137,SAN MARTINO SICCOMARIO,PAVIA,2482,1219,2021-05-22T15:45:11+0000
018138,SANNAZZARO DE' BURGONDI,PAVIA,1863,864,2021-05-22T15:45:11+0000
018139,SANTA CRISTINA E BISSONE,PAVIA,655,276,2021-05-22T15:45:11+0000
018140,SANTA GIULETTA,PAVIA,566,296,2021-05-22T15:45:11+0000
018141,SANT'ALESSIO CON VIALONE,PAVIA,347,147,2021-05-22T15:45:11+0000
018142,SANTA MARGHERITA DI STAFFORA,PAVIA,247,126,2021-05-22T15:45:11+0000
018143,SANTA MARIA DELLA VERSA,PAVIA,799,401,2021-05-22T15:45:11+0000
018144,SANT'ANGELO LOMELLINA,PAVIA,235,108,2021-05-22T15:45:11+0000
018145,SAN ZENONE AL PO,PAVIA,195,92,2021-05-22T15:45:11+0000
018146,SARTIRANA LOMELLINA,PAVIA,653,297,2021-05-22T15:45:11+0000
018147,SCALDASOLE,PAVIA,309,138,2021-05-22T15:45:11+0000
018148,SEMIANA,PAVIA,72,39,2021-05-22T15:45:11+0000
018149,SILVANO PIETRA,PAVIA,210,108,2021-05-22T15:45:11+0000
018150,SIZIANO,PAVIA,2094,969,2021-05-22T15:45:11+0000
018151,SOMMO,PAVIA,452,225,2021-05-22T15:45:11+0000
018152,SPESSA,PAVIA,190,91,2021-05-22T15:45:11+0000
018153,STRADELLA,PAVIA,4146,1866,2021-05-22T15:45:11+0000
018154,SUARDI,PAVIA,195,88,2021-05-22T15:45:11+0000
018155,TORRAZZA COSTE,PAVIA,549,300,2021-05-22T15:45:11+0000
018156,TORRE BERETTI E CASTELLARO,PAVIA,143,38,2021-05-22T15:45:11+0000
018157,TORRE D'ARESE,PAVIA,223,91,2021-05-22T15:45:11+0000
018158,TORRE DE' NEGRI,PAVIA,134,66,2021-05-22T15:45:11+0000
018159,TORRE D'ISOLA,PAVIA,989,468,2021-05-22T15:45:11+0000
018160,TORREVECCHIA PIA,PAVIA,1026,414,2021-05-22T15:45:11+0000
018161,TORRICELLA VERZATE,PAVIA,336,184,2021-05-22T15:45:11+0000
018162,TRAVACO' SICCOMARIO,PAVIA,1818,869,2021-05-22T15:45:11+0000
018163,TRIVOLZIO,PAVIA,777,364,2021-05-22T15:45:11+0000
018164,TROMELLO,PAVIA,1180,581,2021-05-22T15:45:11+0000
018165,TROVO,PAVIA,295,122,2021-05-22T15:45:11+0000
018166,VAL DI NIZZA,PAVIA,294,162,2021-05-22T15:45:11+0000
018167,VALEGGIO,PAVIA,91,53,2021-05-22T15:45:11+0000
018168,VALLE LOMELLINA,PAVIA,646,285,2021-05-22T15:45:11+0000
018169,VALLE SALIMBENE,PAVIA,596,289,2021-05-22T15:45:11+0000
018171,VARZI,PAVIA,1666,1022,2021-05-22T15:45:11+0000
018172,VELEZZO LOMELLINA,PAVIA,47,14,2021-05-22T15:45:11+0000
018173,VELLEZZO BELLINI,PAVIA,963,438,2021-05-22T15:45:11+0000
018174,VERRETTO,PAVIA,130,68,2021-05-22T15:45:11+0000
018175,VERRUA PO,PAVIA,516,240,2021-05-22T15:45:11+0000
018176,VIDIGULFO,PAVIA,1897,870,2021-05-22T15:45:11+0000
018177,VIGEVANO,PAVIA,20532,10965,2021-05-22T15:45:11+0000
018178,VILLA BISCOSSI,PAVIA,20,7,2021-05-22T15:45:11+0000
018179,VILLANOVA D'ARDENGHI,PAVIA,301,127,2021-05-22T15:45:11+0000
018180,VILLANTERIO,PAVIA,1129,509,2021-05-22T15:45:11+0000
018181,VISTARINO,PAVIA,452,211,2021-05-22T15:45:11+0000
018182,VOGHERA,PAVIA,13954,7678,2021-05-22T15:45:11+0000
018183,VOLPARA,PAVIA,54,30,2021-05-22T15:45:11+0000
018184,ZAVATTARELLO,PAVIA,433,299,2021-05-22T15:45:11+0000
018185,ZECCONE,PAVIA,511,216,2021-05-22T15:45:11+0000
018186,ZEME,PAVIA,352,187,2021-05-22T15:45:11+0000
018187,ZENEVREDO,PAVIA,169,82,2021-05-22T15:45:11+0000
018188,ZERBO,PAVIA,156,73,2021-05-22T15:45:11+0000
018189,ZERBOLO',PAVIA,518,218,2021-05-22T15:45:11+0000
018190,ZINASCO,PAVIA,1095,442,2021-05-22T15:45:11+0000
018191,CORNALE E BASTIDA,PAVIA,296,146,2021-05-22T15:45:11+0000
018192,CORTEOLONA E GENZONE,PAVIA,840,361,2021-05-22T15:45:11+0000
018193,COLLI VERDI,PAVIA,491,248,2021-05-22T15:45:11+0000
019001,ACQUANEGRA CREMONESE,CREMONA,424,251,2021-05-22T15:45:11+0000
019002,AGNADELLO,CREMONA,1166,531,2021-05-22T15:45:11+0000
019003,ANNICCO,CREMONA,808,458,2021-05-22T15:45:11+0000
019004,AZZANELLO,CREMONA,231,133,2021-05-22T15:45:11+0000
019005,BAGNOLO CREMASCO,CREMONA,1790,730,2021-05-22T15:45:11+0000
019006,BONEMERSE,CREMONA,589,372,2021-05-22T15:45:11+0000
019007,BORDOLANO,CREMONA,211,111,2021-05-22T15:45:11+0000
019009,CALVATONE,CREMONA,402,191,2021-05-22T15:45:11+0000
019010,CAMISANO,CREMONA,466,259,2021-05-22T15:45:11+0000
019011,CAMPAGNOLA CREMASCA,CREMONA,279,100,2021-05-22T15:45:11+0000
019012,CAPERGNANICA,CREMONA,848,340,2021-05-22T15:45:11+0000
019013,CAPPELLA CANTONE,CREMONA,215,91,2021-05-22T15:45:11+0000
019014,CAPPELLA DE' PICENARDI,CREMONA,116,68,2021-05-22T15:45:11+0000
019015,CAPRALBA,CREMONA,951,471,2021-05-22T15:45:11+0000
019016,CASALBUTTANO ED UNITI,CREMONA,1706,1102,2021-05-22T15:45:11+0000
019017,CASALE CREMASCO-VIDOLASCO,CREMONA,561,266,2021-05-22T15:45:11+0000
019018,CASALETTO CEREDANO,CREMONA,465,187,2021-05-22T15:45:11+0000
019019,CASALETTO DI SOPRA,CREMONA,175,73,2021-05-22T15:45:11+0000
019020,CASALETTO VAPRIO,CREMONA,552,225,2021-05-22T15:45:11+0000
019021,CASALMAGGIORE,CREMONA,4875,2758,2021-05-22T15:45:11+0000
019022,CASALMORANO,CREMONA,674,391,2021-05-22T15:45:11+0000
019023,CASTELDIDONE,CREMONA,197,106,2021-05-22T15:45:11+0000
019024,CASTEL GABBIANO,CREMONA,139,76,2021-05-22T15:45:11+0000
019025,CASTELLEONE,CREMONA,3828,1925,2021-05-22T15:45:11+0000
019026,CASTELVERDE,CREMONA,2078,1311,2021-05-22T15:45:11+0000
019027,CASTELVISCONTI,CREMONA,115,61,2021-05-22T15:45:11+0000
019028,CELLA DATI,CREMONA,219,109,2021-05-22T15:45:11+0000
019029,CHIEVE,CREMONA,722,277,2021-05-22T15:45:11+0000
019030,CICOGNOLO,CREMONA,324,200,2021-05-22T15:45:11+0000
019031,CINGIA DE' BOTTI,CREMONA,641,477,2021-05-22T15:45:11+0000
019032,CORTE DE' CORTESI CON CIGNONE,CREMONA,305,175,2021-05-22T15:45:11+0000
019033,CORTE DE' FRATI,CREMONA,482,269,2021-05-22T15:45:11+0000
019034,CREDERA RUBBIANO,CREMONA,666,262,2021-05-22T15:45:11+0000
019035,CREMA,CREMONA,14743,6804,2021-05-22T15:45:11+0000
019036,CREMONA,CREMONA,28254,17390,2021-05-22T15:45:11+0000
019037,CREMOSANO,CREMONA,546,223,2021-05-22T15:45:11+0000
019038,CROTTA D'ADDA,CREMONA,208,90,2021-05-22T15:45:11+0000
019039,CUMIGNANO SUL NAVIGLIO,CREMONA,147,81,2021-05-22T15:45:11+0000
019040,DEROVERE,CREMONA,113,61,2021-05-22T15:45:11+0000
019041,DOVERA,CREMONA,1404,485,2021-05-22T15:45:11+0000
019043,FIESCO,CREMONA,410,192,2021-05-22T15:45:11+0000
019044,FORMIGARA,CREMONA,424,170,2021-05-22T15:45:11+0000
019045,GABBIONETA BINANUOVA,CREMONA,314,167,2021-05-22T15:45:11+0000
019046,GADESCO PIEVE DELMONA,CREMONA,650,376,2021-05-22T15:45:11+0000
019047,GENIVOLTA,CREMONA,396,197,2021-05-22T15:45:11+0000
019048,GERRE DE' CAPRIOLI,CREMONA,495,279,2021-05-22T15:45:11+0000
019049,GOMBITO,CREMONA,250,117,2021-05-22T15:45:11+0000
019050,GRONTARDO,CREMONA,525,308,2021-05-22T15:45:11+0000
019051,GRUMELLO CREMONESE ED UNITI,CREMONA,647,324,2021-05-22T15:45:11+0000
019052,GUSSOLA,CREMONA,911,496,2021-05-22T15:45:11+0000
019053,ISOLA DOVARESE,CREMONA,498,319,2021-05-22T15:45:11+0000
019054,IZANO,CREMONA,747,295,2021-05-22T15:45:11+0000
019055,MADIGNANO,CREMONA,1165,457,2021-05-22T15:45:11+0000
019056,MALAGNINO,CREMONA,614,367,2021-05-22T15:45:11+0000
019057,MARTIGNANA DI PO,CREMONA,573,320,2021-05-22T15:45:11+0000
019058,MONTE CREMASCO,CREMONA,782,303,2021-05-22T15:45:11+0000
019059,MONTODINE,CREMONA,915,379,2021-05-22T15:45:11+0000
019060,MOSCAZZANO,CREMONA,299,127,2021-05-22T15:45:11+0000
019061,MOTTA BALUFFI,CREMONA,310,175,2021-05-22T15:45:11+0000
019062,OFFANENGO,CREMONA,2329,953,2021-05-22T15:45:11+0000
019063,OLMENETA,CREMONA,332,181,2021-05-22T15:45:11+0000
019064,OSTIANO,CREMONA,1012,540,2021-05-22T15:45:11+0000
019065,PADERNO PONCHIELLI,CREMONA,521,302,2021-05-22T15:45:11+0000
019066,PALAZZO PIGNANO,CREMONA,1326,495,2021-05-22T15:45:11+0000
019067,PANDINO,CREMONA,3245,1368,2021-05-22T15:45:11+0000
019068,PERSICO DOSIMO,CREMONA,1216,725,2021-05-22T15:45:11+0000
019069,PESCAROLO ED UNITI,CREMONA,489,284,2021-05-22T15:45:11+0000
019070,PESSINA CREMONESE,CREMONA,218,145,2021-05-22T15:45:11+0000
019072,PIANENGO,CREMONA,982,402,2021-05-22T15:45:11+0000
019073,PIERANICA,CREMONA,414,163,2021-05-22T15:45:11+0000
019074,PIEVE D'OLMI,CREMONA,492,280,2021-05-22T15:45:11+0000
019075,PIEVE SAN GIACOMO,CREMONA,577,341,2021-05-22T15:45:11+0000
019076,PIZZIGHETTONE,CREMONA,2651,1184,2021-05-22T15:45:11+0000
019077,POZZAGLIO ED UNITI,CREMONA,473,261,2021-05-22T15:45:11+0000
019078,QUINTANO,CREMONA,313,106,2021-05-22T15:45:11+0000
019079,RICENGO,CREMONA,514,218,2021-05-22T15:45:11+0000
019080,RIPALTA ARPINA,CREMONA,382,156,2021-05-22T15:45:11+0000
019081,RIPALTA CREMASCA,CREMONA,1361,582,2021-05-22T15:45:11+0000
019082,RIPALTA GUERINA,CREMONA,212,99,2021-05-22T15:45:11+0000
019083,RIVAROLO DEL RE ED UNITI,CREMONA,630,338,2021-05-22T15:45:11+0000
019084,RIVOLTA D'ADDA,CREMONA,3253,1678,2021-05-22T15:45:11+0000
019085,ROBECCO D'OGLIO,CREMONA,892,609,2021-05-22T15:45:11+0000
019086,ROMANENGO,CREMONA,1073,513,2021-05-22T15:45:11+0000
019087,SALVIROLA,CREMONA,374,163,2021-05-22T15:45:11+0000
019088,SAN BASSANO,CREMONA,1117,754,2021-05-22T15:45:11+0000
019089,SAN DANIELE PO,CREMONA,524,312,2021-05-22T15:45:11+0000
019090,SAN GIOVANNI IN CROCE,CREMONA,668,421,2021-05-22T15:45:11+0000
019091,SAN MARTINO DEL LAGO,CREMONA,160,98,2021-05-22T15:45:11+0000
019092,SCANDOLARA RAVARA,CREMONA,539,336,2021-05-22T15:45:11+0000
019093,SCANDOLARA RIPA D'OGLIO,CREMONA,200,119,2021-05-22T15:45:11+0000
019094,SERGNANO,CREMONA,1273,538,2021-05-22T15:45:11+0000
019095,SESTO ED UNITI,CREMONA,1126,684,2021-05-22T15:45:11+0000
019096,SOLAROLO RAINERIO,CREMONA,349,200,2021-05-22T15:45:11+0000
019097,SONCINO,CREMONA,3145,1488,2021-05-22T15:45:11+0000
019098,SORESINA,CREMONA,3413,1748,2021-05-22T15:45:11+0000
019099,SOSPIRO,CREMONA,1603,1146,2021-05-22T15:45:11+0000
019100,SPINADESCO,CREMONA,501,280,2021-05-22T15:45:11+0000
019101,SPINEDA,CREMONA,207,92,2021-05-22T15:45:11+0000
019102,SPINO D'ADDA,CREMONA,2418,910,2021-05-22T15:45:11+0000
019103,STAGNO LOMBARDO,CREMONA,574,348,2021-05-22T15:45:11+0000
019104,TICENGO,CREMONA,142,62,2021-05-22T15:45:11+0000
019105,TORLINO VIMERCATI,CREMONA,166,68,2021-05-22T15:45:11+0000
019106,TORNATA,CREMONA,120,66,2021-05-22T15:45:11+0000
019107,TORRE DE' PICENARDI,CREMONA,792,444,2021-05-22T15:45:11+0000
019108,TORRICELLA DEL PIZZO,CREMONA,184,105,2021-05-22T15:45:11+0000
019109,TRESCORE CREMASCO,CREMONA,924,386,2021-05-22T15:45:11+0000
019110,TRIGOLO,CREMONA,741,426,2021-05-22T15:45:11+0000
019111,VAIANO CREMASCO,CREMONA,1406,530,2021-05-22T15:45:11+0000
019112,VAILATE,CREMONA,1672,801,2021-05-22T15:45:11+0000
019113,VESCOVATO,CREMONA,1464,930,2021-05-22T15:45:11+0000
019114,VOLONGO,CREMONA,169,74,2021-05-22T15:45:11+0000
019115,VOLTIDO,CREMONA,117,61,2021-05-22T15:45:11+0000
019116,PIADENA DRIZZONA,CREMONA,1447,834,2021-05-22T15:45:11+0000
020001,ACQUANEGRA SUL CHIESE,MANTOVA,1047,475,2021-05-22T15:45:11+0000
020002,ASOLA,MANTOVA,3562,1503,2021-05-22T15:45:11+0000
020003,BAGNOLO SAN VITO,MANTOVA,2044,866,2021-05-22T15:45:11+0000
020007,BOZZOLO,MANTOVA,1404,760,2021-05-22T15:45:11+0000
020008,CANNETO SULL'OGLIO,MANTOVA,1445,634,2021-05-22T15:45:11+0000
020010,CASALMORO,MANTOVA,653,225,2021-05-22T15:45:11+0000
020011,CASALOLDO,MANTOVA,778,281,2021-05-22T15:45:11+0000
020012,CASALROMANO,MANTOVA,463,173,2021-05-22T15:45:11+0000
020013,CASTELBELFORTE,MANTOVA,900,360,2021-05-22T15:45:11+0000
020014,CASTEL D'ARIO,MANTOVA,1310,526,2021-05-22T15:45:11+0000
020015,CASTEL GOFFREDO,MANTOVA,3503,1433,2021-05-22T15:45:11+0000
020016,CASTELLUCCHIO,MANTOVA,1693,730,2021-05-22T15:45:11+0000
020017,CASTIGLIONE DELLE STIVIERE,MANTOVA,6524,2655,2021-05-22T15:45:11+0000
020018,CAVRIANA,MANTOVA,1230,463,2021-05-22T15:45:11+0000
020019,CERESARA,MANTOVA,868,331,2021-05-22T15:45:11+0000
020020,COMMESSAGGIO,MANTOVA,391,185,2021-05-22T15:45:11+0000
020021,CURTATONE,MANTOVA,5547,2642,2021-05-22T15:45:11+0000
020022,DOSOLO,MANTOVA,1088,517,2021-05-22T15:45:11+0000
020024,GAZOLDO DEGLI IPPOLITI,MANTOVA,867,348,2021-05-22T15:45:11+0000
020025,GAZZUOLO,MANTOVA,759,411,2021-05-22T15:45:11+0000
020026,GOITO,MANTOVA,3306,1388,2021-05-22T15:45:11+0000
020027,GONZAGA,MANTOVA,2931,1096,2021-05-22T15:45:11+0000
020028,GUIDIZZOLO,MANTOVA,1847,692,2021-05-22T15:45:11+0000
020029,MAGNACAVALLO,MANTOVA,523,211,2021-05-22T15:45:11+0000
020030,MANTOVA,MANTOVA,18623,9312,2021-05-22T15:45:11+0000
020031,MARCARIA,MANTOVA,2388,1104,2021-05-22T15:45:11+0000
020032,MARIANA MANTOVANA,MANTOVA,234,89,2021-05-22T15:45:11+0000
020033,MARMIROLO,MANTOVA,2550,1094,2021-05-22T15:45:11+0000
020034,MEDOLE,MANTOVA,1161,410,2021-05-22T15:45:11+0000
020035,MOGLIA,MANTOVA,1888,745,2021-05-22T15:45:11+0000
020036,MONZAMBANO,MANTOVA,1329,626,2021-05-22T15:45:11+0000
020037,MOTTEGGIANA,MANTOVA,688,250,2021-05-22T15:45:11+0000
020038,OSTIGLIA,MANTOVA,2323,1014,2021-05-22T15:45:11+0000
020039,PEGOGNAGA,MANTOVA,2353,982,2021-05-22T15:45:11+0000
020041,PIUBEGA,MANTOVA,528,208,2021-05-22T15:45:11+0000
020042,POGGIO RUSCO,MANTOVA,2111,816,2021-05-22T15:45:11+0000
020043,POMPONESCO,MANTOVA,523,284,2021-05-22T15:45:11+0000
020044,PONTI SUL MINCIO,MANTOVA,574,253,2021-05-22T15:45:11+0000
020045,PORTO MANTOVANO,MANTOVA,5636,2484,2021-05-22T15:45:11+0000
020046,QUINGENTOLE,MANTOVA,401,151,2021-05-22T15:45:11+0000
020047,QUISTELLO,MANTOVA,1982,817,2021-05-22T15:45:11+0000
020048,REDONDESCO,MANTOVA,481,195,2021-05-22T15:45:11+0000
020050,RIVAROLO MANTOVANO,MANTOVA,956,579,2021-05-22T15:45:11+0000
020051,RODIGO,MANTOVA,1960,970,2021-05-22T15:45:11+0000
020052,RONCOFERRARO,MANTOVA,2424,1105,2021-05-22T15:45:11+0000
020053,ROVERBELLA,MANTOVA,2314,979,2021-05-22T15:45:11+0000
020054,SABBIONETA,MANTOVA,1231,650,2021-05-22T15:45:11+0000
020055,SAN BENEDETTO PO,MANTOVA,2520,1028,2021-05-22T15:45:11+0000
020056,SAN GIACOMO DELLE SEGNATE,MANTOVA,534,222,2021-05-22T15:45:11+0000
020057,SAN GIORGIO BIGARELLO,MANTOVA,4006,1676,2021-05-22T15:45:11+0000
020058,SAN GIOVANNI DEL DOSSO,MANTOVA,390,143,2021-05-22T15:45:11+0000
020059,SAN MARTINO DALL'ARGINE,MANTOVA,605,303,2021-05-22T15:45:11+0000
020060,SCHIVENOGLIA,MANTOVA,549,251,2021-05-22T15:45:11+0000
020061,SERMIDE E FELONICA,MANTOVA,2712,1037,2021-05-22T15:45:11+0000
020062,SERRAVALLE A PO,MANTOVA,554,248,2021-05-22T15:45:11+0000
020063,SOLFERINO,MANTOVA,943,413,2021-05-22T15:45:11+0000
020064,SUSTINENTE,MANTOVA,791,311,2021-05-22T15:45:11+0000
020065,SUZZARA,MANTOVA,6729,2761,2021-05-22T15:45:11+0000
020066,VIADANA,MANTOVA,5311,2679,2021-05-22T15:45:11+0000
020068,VILLIMPENTA,MANTOVA,606,279,2021-05-22T15:45:11+0000
020070,VOLTA MANTOVANA,MANTOVA,2273,1051,2021-05-22T15:45:11+0000
020071,BORGO VIRGILIO,MANTOVA,5112,2438,2021-05-22T15:45:11+0000
020072,BORGO MANTOVANO,MANTOVA,2026,769,2021-05-22T15:45:11+0000
020073,BORGOCARBONARA,MANTOVA,761,337,2021-05-22T15:45:11+0000
097001,ABBADIA LARIANA,LECCO,1186,525,2021-05-22T15:45:11+0000
097002,AIRUNO,LECCO,1020,454,2021-05-22T15:45:11+0000
097003,ANNONE DI BRIANZA,LECCO,885,301,2021-05-22T15:45:11+0000
097004,BALLABIO,LECCO,1641,605,2021-05-22T15:45:11+0000
097005,BARZAGO,LECCO,868,355,2021-05-22T15:45:11+0000
097006,BARZANO',LECCO,1825,863,2021-05-22T15:45:11+0000
097007,BARZIO,LECCO,531,221,2021-05-22T15:45:11+0000
097008,BELLANO,LECCO,1707,795,2021-05-22T15:45:11+0000
097009,BOSISIO PARINI,LECCO,1307,463,2021-05-22T15:45:11+0000
097010,BRIVIO,LECCO,1741,846,2021-05-22T15:45:11+0000
097011,BULCIAGO,LECCO,1061,391,2021-05-22T15:45:11+0000
097012,CALCO,LECCO,1665,720,2021-05-22T15:45:11+0000
097013,CALOLZIOCORTE,LECCO,5580,2686,2021-05-22T15:45:11+0000
097014,CARENNO,LECCO,568,235,2021-05-22T15:45:11+0000
097015,CASARGO,LECCO,383,170,2021-05-22T15:45:11+0000
097016,CASATENOVO,LECCO,4798,2289,2021-05-22T15:45:11+0000
097017,CASSAGO BRIANZA,LECCO,1564,686,2021-05-22T15:45:11+0000
097018,CASSINA VALSASSINA,LECCO,219,79,2021-05-22T15:45:11+0000
097019,CASTELLO DI BRIANZA,LECCO,847,321,2021-05-22T15:45:11+0000
097020,CERNUSCO LOMBARDONE,LECCO,1416,626,2021-05-22T15:45:11+0000
097021,CESANA BRIANZA,LECCO,959,344,2021-05-22T15:45:11+0000
097022,CIVATE,LECCO,1609,759,2021-05-22T15:45:11+0000
097023,COLICO,LECCO,2748,1272,2021-05-22T15:45:11+0000
097024,COLLE BRIANZA,LECCO,608,219,2021-05-22T15:45:11+0000
097025,CORTENOVA,LECCO,536,190,2021-05-22T15:45:11+0000
097026,COSTA MASNAGA,LECCO,1817,657,2021-05-22T15:45:11+0000
097027,CRANDOLA VALSASSINA,LECCO,116,45,2021-05-22T15:45:11+0000
097028,CREMELLA,LECCO,588,263,2021-05-22T15:45:11+0000
097029,CREMENO,LECCO,593,257,2021-05-22T15:45:11+0000
097030,DERVIO,LECCO,1195,467,2021-05-22T15:45:11+0000
097031,DOLZAGO,LECCO,920,330,2021-05-22T15:45:11+0000
097032,DORIO,LECCO,158,65,2021-05-22T15:45:11+0000
097033,ELLO,LECCO,513,226,2021-05-22T15:45:11+0000
097034,ERVE,LECCO,277,119,2021-05-22T15:45:11+0000
097035,ESINO LARIO,LECCO,323,136,2021-05-22T15:45:11+0000
097036,GALBIATE,LECCO,3502,1588,2021-05-22T15:45:11+0000
097037,GARBAGNATE MONASTERO,LECCO,928,320,2021-05-22T15:45:11+0000
097038,GARLATE,LECCO,1078,509,2021-05-22T15:45:11+0000
097039,IMBERSAGO,LECCO,873,380,2021-05-22T15:45:11+0000
097040,INTROBIO,LECCO,829,381,2021-05-22T15:45:11+0000
097042,LECCO,LECCO,19879,9630,2021-05-22T15:45:11+0000
097043,LIERNA,LECCO,742,324,2021-05-22T15:45:11+0000
097044,LOMAGNA,LECCO,1636,633,2021-05-22T15:45:11+0000
097045,MALGRATE,LECCO,1747,799,2021-05-22T15:45:11+0000
097046,MANDELLO DEL LARIO,LECCO,4367,2110,2021-05-22T15:45:11+0000
097047,MARGNO,LECCO,144,43,2021-05-22T15:45:11+0000
097048,MERATE,LECCO,6120,2958,2021-05-22T15:45:11+0000
097049,MISSAGLIA,LECCO,3010,1282,2021-05-22T15:45:11+0000
097050,MOGGIO,LECCO,197,89,2021-05-22T15:45:11+0000
097051,MOLTENO,LECCO,1325,511,2021-05-22T15:45:11+0000
097052,MONTE MARENZO,LECCO,733,318,2021-05-22T15:45:11+0000
097053,MONTEVECCHIA,LECCO,953,382,2021-05-22T15:45:11+0000
097054,MONTICELLO BRIANZA,LECCO,1677,884,2021-05-22T15:45:11+0000
097055,MORTERONE,LECCO,9,4,2021-05-22T15:45:11+0000
097056,NIBIONNO,LECCO,1419,540,2021-05-22T15:45:11+0000
097057,OGGIONO,LECCO,3382,1581,2021-05-22T15:45:11+0000
097058,OLGIATE MOLGORA,LECCO,2256,1005,2021-05-22T15:45:11+0000
097059,OLGINATE,LECCO,2768,1236,2021-05-22T15:45:11+0000
097060,OLIVETO LARIO,LECCO,496,258,2021-05-22T15:45:11+0000
097061,OSNAGO,LECCO,1675,689,2021-05-22T15:45:11+0000
097062,PADERNO D'ADDA,LECCO,1386,608,2021-05-22T15:45:11+0000
097063,PAGNONA,LECCO,133,43,2021-05-22T15:45:11+0000
097064,PARLASCO,LECCO,62,29,2021-05-22T15:45:11+0000
097065,PASTURO,LECCO,775,314,2021-05-22T15:45:11+0000
097067,PERLEDO,LECCO,456,234,2021-05-22T15:45:11+0000
097068,PESCATE,LECCO,809,364,2021-05-22T15:45:11+0000
097069,PREMANA,LECCO,947,385,2021-05-22T15:45:11+0000
097070,PRIMALUNA,LECCO,830,311,2021-05-22T15:45:11+0000
097071,ROBBIATE,LECCO,2152,960,2021-05-22T15:45:11+0000
097072,ROGENO,LECCO,1187,447,2021-05-22T15:45:11+0000
097074,SANTA MARIA HOE',LECCO,781,295,2021-05-22T15:45:11+0000
097075,SIRONE,LECCO,912,321,2021-05-22T15:45:11+0000
097076,SIRTORI,LECCO,958,418,2021-05-22T15:45:11+0000
097077,SUEGLIO,LECCO,55,20,2021-05-22T15:45:11+0000
097078,SUELLO,LECCO,728,260,2021-05-22T15:45:11+0000
097079,TACENO,LECCO,199,73,2021-05-22T15:45:11+0000
097082,VALGREGHENTINO,LECCO,1314,591,2021-05-22T15:45:11+0000
097083,VALMADRERA,LECCO,4403,1995,2021-05-22T15:45:11+0000
097084,VARENNA,LECCO,330,151,2021-05-22T15:45:11+0000
097086,VERCURAGO,LECCO,1257,590,2021-05-22T15:45:11+0000
097090,VIGANO',LECCO,794,367,2021-05-22T15:45:11+0000
097091,VERDERIO,LECCO,1883,754,2021-05-22T15:45:11+0000
097092,LA VALLETTA BRIANZA,LECCO,1537,621,2021-05-22T15:45:11+0000
097093,VALVARRONE,LECCO,262,110,2021-05-22T15:45:11+0000
098001,ABBADIA CERRETO,LODI,121,51,2021-05-22T15:45:11+0000
098002,BERTONICO,LODI,384,148,2021-05-22T15:45:11+0000
098003,BOFFALORA D'ADDA,LODI,608,212,2021-05-22T15:45:11+0000
098004,BORGHETTO LODIGIANO,LODI,1537,702,2021-05-22T15:45:11+0000
098005,BORGO SAN GIOVANNI,LODI,763,282,2021-05-22T15:45:11+0000
098006,BREMBIO,LODI,979,336,2021-05-22T15:45:11+0000
098008,CASALETTO LODIGIANO,LODI,894,337,2021-05-22T15:45:11+0000
098009,CASALMAIOCCO,LODI,1082,419,2021-05-22T15:45:11+0000
098010,CASALPUSTERLENGO,LODI,5649,2171,2021-05-22T15:45:11+0000
098011,CASELLE LANDI,LODI,576,222,2021-05-22T15:45:11+0000
098012,CASELLE LURANI,LODI,853,335,2021-05-22T15:45:11+0000
098013,CASTELNUOVO BOCCA D'ADDA,LODI,633,254,2021-05-22T15:45:11+0000
098014,CASTIGLIONE D'ADDA,LODI,1747,675,2021-05-22T15:45:11+0000
098015,CASTIRAGA VIDARDO,LODI,856,317,2021-05-22T15:45:11+0000
098017,CAVENAGO D'ADDA,LODI,774,297,2021-05-22T15:45:11+0000
098018,CERVIGNANO D'ADDA,LODI,719,261,2021-05-22T15:45:11+0000
098019,CODOGNO,LODI,5995,2596,2021-05-22T15:45:11+0000
098020,COMAZZO,LODI,614,256,2021-05-22T15:45:11+0000
098021,CORNEGLIANO LAUDENSE,LODI,1099,392,2021-05-22T15:45:11+0000
098022,CORNO GIOVINE,LODI,408,168,2021-05-22T15:45:11+0000
098023,CORNOVECCHIO,LODI,77,31,2021-05-22T15:45:11+0000
098024,CORTE PALASIO,LODI,514,202,2021-05-22T15:45:11+0000
098025,CRESPIATICA,LODI,654,239,2021-05-22T15:45:11+0000
098026,FOMBIO,LODI,754,269,2021-05-22T15:45:11+0000
098027,GALGAGNANO,LODI,418,153,2021-05-22T15:45:11+0000
098028,GRAFFIGNANA,LODI,1056,422,2021-05-22T15:45:11+0000
098029,GUARDAMIGLIO,LODI,834,317,2021-05-22T15:45:11+0000
098030,LIVRAGA,LODI,938,381,2021-05-22T15:45:11+0000
098031,LODI,LODI,18575,7778,2021-05-22T15:45:11+0000
098032,LODI VECCHIO,LODI,2720,1030,2021-05-22T15:45:11+0000
098033,MACCASTORNA,LODI,19,8,2021-05-22T15:45:11+0000
098034,MAIRAGO,LODI,510,179,2021-05-22T15:45:11+0000
098035,MALEO,LODI,1269,583,2021-05-22T15:45:11+0000
098036,MARUDO,LODI,516,220,2021-05-22T15:45:11+0000
098037,MASSALENGO,LODI,1491,552,2021-05-22T15:45:11+0000
098038,MELETI,LODI,231,125,2021-05-22T15:45:11+0000
098039,MERLINO,LODI,483,157,2021-05-22T15:45:11+0000
098040,MONTANASO LOMBARDO,LODI,896,335,2021-05-22T15:45:11+0000
098041,MULAZZANO,LODI,1917,753,2021-05-22T15:45:11+0000
098042,ORIO LITTA,LODI,716,274,2021-05-22T15:45:11+0000
098043,OSPEDALETTO LODIGIANO,LODI,605,221,2021-05-22T15:45:11+0000
098044,OSSAGO LODIGIANO,LODI,510,179,2021-05-22T15:45:11+0000
098045,PIEVE FISSIRAGA,LODI,579,227,2021-05-22T15:45:11+0000
098046,SALERANO SUL LAMBRO,LODI,983,369,2021-05-22T15:45:11+0000
098047,SAN FIORANO,LODI,675,264,2021-05-22T15:45:11+0000
098048,SAN MARTINO IN STRADA,LODI,1361,505,2021-05-22T15:45:11+0000
098049,SAN ROCCO AL PORTO,LODI,1079,363,2021-05-22T15:45:11+0000
098050,SANT'ANGELO LODIGIANO,LODI,4317,1933,2021-05-22T15:45:11+0000
098051,SANTO STEFANO LODIGIANO,LODI,629,216,2021-05-22T15:45:11+0000
098052,SECUGNAGO,LODI,740,248,2021-05-22T15:45:11+0000
098053,SENNA LODIGIANA,LODI,678,256,2021-05-22T15:45:11+0000
098054,SOMAGLIA,LODI,1304,481,2021-05-22T15:45:11+0000
098055,SORDIO,LODI,1114,420,2021-05-22T15:45:11+0000
098056,TAVAZZANO CON VILLAVESCO,LODI,2124,764,2021-05-22T15:45:11+0000
098057,TERRANOVA DEI PASSERINI,LODI,293,103,2021-05-22T15:45:11+0000
098058,TURANO LODIGIANO,LODI,508,181,2021-05-22T15:45:11+0000
098059,VALERA FRATTA,LODI,471,178,2021-05-22T15:45:11+0000
098060,VILLANOVA DEL SILLARO,LODI,514,195,2021-05-22T15:45:11+0000
098061,ZELO BUON PERSICO,LODI,2298,840,2021-05-22T15:45:11+0000
098062,CASTELGERUNDO,LODI,525,210,2021-05-22T15:45:11+0000
108001,AGRATE BRIANZA,MONZA E DELLA BRIANZA,5070,1962,2021-05-22T15:45:11+0000
108002,AICURZIO,MONZA E DELLA BRIANZA,730,256,2021-05-22T15:45:11+0000
108003,ALBIATE,MONZA E DELLA BRIANZA,2090,860,2021-05-22T15:45:11+0000
108004,ARCORE,MONZA E DELLA BRIANZA,6404,2557,2021-05-22T15:45:11+0000
108005,BARLASSINA,MONZA E DELLA BRIANZA,2584,1124,2021-05-22T15:45:11+0000
108006,BELLUSCO,MONZA E DELLA BRIANZA,2541,1007,2021-05-22T15:45:11+0000
108007,BERNAREGGIO,MONZA E DELLA BRIANZA,3564,1401,2021-05-22T15:45:11+0000
108008,BESANA IN BRIANZA,MONZA E DELLA BRIANZA,5929,2789,2021-05-22T15:45:11+0000
108009,BIASSONO,MONZA E DELLA BRIANZA,4812,2017,2021-05-22T15:45:11+0000
108010,BOVISIO-MASCIAGO,MONZA E DELLA BRIANZA,5637,2216,2021-05-22T15:45:11+0000
108011,BRIOSCO,MONZA E DELLA BRIANZA,2174,870,2021-05-22T15:45:11+0000
108012,BRUGHERIO,MONZA E DELLA BRIANZA,12384,4894,2021-05-22T15:45:11+0000
108013,BURAGO DI MOLGORA,MONZA E DELLA BRIANZA,1510,577,2021-05-22T15:45:11+0000
108014,CAMPARADA,MONZA E DELLA BRIANZA,684,300,2021-05-22T15:45:11+0000
108015,CARATE BRIANZA,MONZA E DELLA BRIANZA,6995,3027,2021-05-22T15:45:11+0000
108016,CARNATE,MONZA E DELLA BRIANZA,2767,1085,2021-05-22T15:45:11+0000
108017,CAVENAGO DI BRIANZA,MONZA E DELLA BRIANZA,2192,848,2021-05-22T15:45:11+0000
108018,CERIANO LAGHETTO,MONZA E DELLA BRIANZA,2278,902,2021-05-22T15:45:11+0000
108019,CESANO MADERNO,MONZA E DELLA BRIANZA,12817,5451,2021-05-22T15:45:11+0000
108020,COGLIATE,MONZA E DELLA BRIANZA,2950,1155,2021-05-22T15:45:11+0000
108021,CONCOREZZO,MONZA E DELLA BRIANZA,5572,2277,2021-05-22T15:45:11+0000
108022,CORREZZANA,MONZA E DELLA BRIANZA,955,390,2021-05-22T15:45:11+0000
108023,DESIO,MONZA E DELLA BRIANZA,14444,6205,2021-05-22T15:45:11+0000
108024,GIUSSANO,MONZA E DELLA BRIANZA,9040,3611,2021-05-22T15:45:11+0000
108025,LAZZATE,MONZA E DELLA BRIANZA,2733,1025,2021-05-22T15:45:11+0000
108026,LESMO,MONZA E DELLA BRIANZA,2859,1144,2021-05-22T15:45:11+0000
108027,LIMBIATE,MONZA E DELLA BRIANZA,11232,4708,2021-05-22T15:45:11+0000
108028,LISSONE,MONZA E DELLA BRIANZA,15728,6641,2021-05-22T15:45:11+0000
108029,MACHERIO,MONZA E DELLA BRIANZA,2706,1162,2021-05-22T15:45:11+0000
108030,MEDA,MONZA E DELLA BRIANZA,8558,3725,2021-05-22T15:45:11+0000
108031,MEZZAGO,MONZA E DELLA BRIANZA,1308,504,2021-05-22T15:45:11+0000
108032,MISINTO,MONZA E DELLA BRIANZA,1870,693,2021-05-22T15:45:11+0000
108033,MONZA,MONZA E DELLA BRIANZA,46884,20762,2021-05-22T15:45:11+0000
108034,MUGGIO',MONZA E DELLA BRIANZA,8279,3103,2021-05-22T15:45:11+0000
108035,NOVA MILANESE,MONZA E DELLA BRIANZA,8088,3030,2021-05-22T15:45:11+0000
108036,ORNAGO,MONZA E DELLA BRIANZA,1622,655,2021-05-22T15:45:11+0000
108037,RENATE,MONZA E DELLA BRIANZA,1522,694,2021-05-22T15:45:11+0000
108038,RONCO BRIANTINO,MONZA E DELLA BRIANZA,1227,522,2021-05-22T15:45:11+0000
108039,SEREGNO,MONZA E DELLA BRIANZA,16034,6790,2021-05-22T15:45:11+0000
108040,SEVESO,MONZA E DELLA BRIANZA,7925,3331,2021-05-22T15:45:11+0000
108041,SOVICO,MONZA E DELLA BRIANZA,3066,1257,2021-05-22T15:45:11+0000
108042,SULBIATE,MONZA E DELLA BRIANZA,1386,518,2021-05-22T15:45:11+0000
108043,TRIUGGIO,MONZA E DELLA BRIANZA,3076,1392,2021-05-22T15:45:11+0000
108044,USMATE VELATE,MONZA E DELLA BRIANZA,3412,1289,2021-05-22T15:45:11+0000
108045,VAREDO,MONZA E DELLA BRIANZA,4965,1939,2021-05-22T15:45:11+0000
108046,VEDANO AL LAMBRO,MONZA E DELLA BRIANZA,3318,1572,2021-05-22T15:45:11+0000
108047,VEDUGGIO CON COLZANO,MONZA E DELLA BRIANZA,1572,661,2021-05-22T15:45:11+0000
108048,VERANO BRIANZA,MONZA E DELLA BRIANZA,3374,1325,2021-05-22T15:45:11+0000
108049,VILLASANTA,MONZA E DELLA BRIANZA,5571,2289,2021-05-22T15:45:11+0000
108050,VIMERCATE,MONZA E DELLA BRIANZA,9990,4226,2021-05-22T15:45:11+0000
108051,BUSNAGO,MONZA E DELLA BRIANZA,2063,863,2021-05-22T15:45:11+0000
108052,CAPONAGO,MONZA E DELLA BRIANZA,1591,598,2021-05-22T15:45:11+0000
108053,CORNATE D'ADDA,MONZA E DELLA BRIANZA,3421,1503,2021-05-22T15:45:11+0000
108054,LENTATE SUL SEVESO,MONZA E DELLA BRIANZA,5885,2452,2021-05-22T15:45:11+0000
108055,RONCELLO,MONZA E DELLA BRIANZA,1241,444,2021-05-22T15:45:11+0000
IGNOTO,IGNOTO,IGNOTA,62047,30292,2021-05-22T15:45:11+0000
